"WO #",Unit,"Unit Zone","Property Group",Creation,Activation,"Expected Completion",Closed,"Block Type","Block Start","Block End",Title,Vendor,Operator,Priority,"Show in Owner Area","Charge Type",Status,"Unit Status",Age,Originator,Processor
42048142,"Dreams Of Paradise",,"Northern Portfolio","08/27/26 05:19 pm",,,N/A,"Not Blocked", , ,kitchen,N/A,N/A,N/A,No,"No Charge",Pending,"Pending Inspection",0,"Maintenance App","Santana Angel"
42047995,"Dreams Of Paradise",,"Northern Portfolio","08/27/26 05:05 pm",,,N/A,"Not Blocked", , ,kitchen,N/A,N/A,N/A,No,"No Charge",Pending,"Pending Inspection",0,"Maintenance App","Santana Angel"
42047820,"Dreams Of Paradise",,"Northern Portfolio","08/27/26 04:50 pm",,,N/A,"Not Blocked", , ,"Guest bedroom",N/A,N/A,N/A,No,"No Charge",Pending,"Pending Inspection",0,"Maintenance App","Santana Angel"
42047657,"Dreams Of Paradise",,"Northern Portfolio","08/27/26 04:38 pm",,,N/A,"Not Blocked", , ,"Front yard",N/A,N/A,N/A,No,"No Charge",Pending,"Pending Inspection",0,"Maintenance App","Santana Angel"
42047514,"Dreams Of Paradise",,"Northern Portfolio","08/27/26 04:31 pm",,,N/A,"Not Blocked", , ,pool,N/A,N/A,N/A,No,"No Charge",Pending,"Pending Inspection",0,"Maintenance App","Santana Angel"
42047451,"Putt in Paradise",,"Northern Portfolio","08/27/26 04:29 pm","08/27/26 04:29 pm",08/27/26,N/A,"Not Blocked", , ,"lynx lock install","Gulf Coast Maintenance",N/A,N/A,No,"No Charge",Active,"Pending Inspection",0,Management,"McNamara Heather"
42047286,"Dreams Of Paradise",,"Northern Portfolio","08/27/26 04:23 pm",,,N/A,"Not Blocked", , ,pool,N/A,N/A,N/A,No,"No Charge",Pending,"Pending Inspection",0,"Maintenance App","Santana Angel"
42045577,"Day Dreamer",,"Northern Portfolio","08/27/26 02:40 pm","08/27/26 02:40 pm",08/27/26,N/A,"Not Blocked", , ,"Living room TV/ Fridge filter","Gulf Coast Maintenance",N/A,N/A,No,"No Charge",Active,Occupied,0,Management,"McNamara Heather"
42043165-2C2,"Sandalfoot 2C2",,Sandalfoot,"08/27/26 12:52 pm","08/27/26 12:52 pm",,N/A,"Not Blocked", , ,"curtain and rod install and Chandlier height adjusted","Sandalfoot On-Site Maintenance",N/A,N/A,No,"No Charge",Active,Checked-out/Clean,0,Management,"Dallman Autumn"
42042825,"Glorious Golfers",,Seasonal,"08/27/26 12:31 pm","08/27/26 12:31 pm",08/27/26,N/A,"Not Blocked", , ,"lynx lock","Gulf Coast Maintenance",N/A,N/A,No,"No Charge",Active,Checked-out/Clean,0,Management,"McNamara Heather"
42042817,Patsgang,,"Northern Portfolio","08/27/26 12:31 pm","08/27/26 12:31 pm",08/27/26,N/A,"Not Blocked", , ,"lynx lock","Gulf Coast Maintenance",N/A,N/A,No,"No Charge",Active,Checked-out/Clean,0,Management,"McNamara Heather"
42042809,"My Great Escape",,"Northern Portfolio","08/27/26 12:30 pm","08/27/26 12:30 pm",08/27/26,N/A,"Not Blocked", , ,"lynx lock","Gulf Coast - Commission",N/A,N/A,No,"No Charge",Active,Occupied,0,Management,"McNamara Heather"
42042390,"Sunny Life",,"Northern Portfolio","08/27/26 12:13 pm","08/27/26 12:13 pm",,N/A,"Not Blocked", , ,Package,"Gulf Coast Maintenance",N/A,N/A,No,"No Charge",Active,"Pending Inspection",0,Management,"Grajeda Raymundo"
42042223,"Florida Dreams",,"Northern Portfolio","08/27/26 12:04 pm","08/27/26 12:04 pm",,N/A,"Not Blocked", , ,HVAC,"Aap Air, LLC",N/A,N/A,No,"No Charge",Active,Occupied,0,Management,"Grajeda Raymundo"
42041935,"Shaker Of Salt",,"Northern Portfolio","08/27/26 11:49 am","08/27/26 11:49 am",,N/A,"Not Blocked", , ,Pool,"Prime Pool Care LLC",N/A,N/A,No,"No Charge",Active,Occupied,0,Management,"Grajeda Raymundo"
42041094,"Shaker Of Salt",,"Northern Portfolio","08/27/26 11:06 am","08/27/26 11:06 am",,N/A,"Not Blocked", , ,"Multiple maintenance issue","Gulf Coast Maintenance",N/A,N/A,No,"No Charge",Active,Occupied,0,Management,"Grajeda Raymundo"
42027936,"Sandalfoot 3B3",,Sandalfoot,"08/26/26 03:43 pm","08/26/26 03:43 pm",,N/A,"Not Blocked", , ,"install new ceiling fan in living room","Sandalfoot On-Site Maintenance",N/A,N/A,No,"No Charge",Active,Occupied,1,Management,"Garcia Kyle"
42027918,"Sandalfoot 5B3",,Sandalfoot,"08/26/26 03:42 pm","08/26/26 03:42 pm",,N/A,"Not Blocked", , ,"install new ceiling fan","Sandalfoot On-Site Maintenance",N/A,N/A,No,"No Charge",Active,Occupied,1,Management,"Garcia Kyle"
42027876,"Sandalfoot 2C3",,Sandalfoot,"08/26/26 03:38 pm","08/26/26 03:38 pm",,N/A,"Not Blocked", , ,"install new ceiling fan back lanai",N/A,N/A,N/A,No,"No Charge",Active,Checked-out/Clean,1,Management,"Garcia Kyle"
42025394,"The Nest",,"Northern Portfolio","08/26/26 01:31 pm","08/26/26 01:31 pm",08/26/26,N/A,"Not Blocked", , ,"Lynx lock","Gulf Coast Maintenance",N/A,N/A,No,"No Charge",Active,Occupied,1,Management,"McNamara Heather"
42022958,"Sandalfoot 2C3",,Sandalfoot,"08/26/26 12:01 pm","08/26/26 12:01 pm",,N/A,"Not Blocked", , ,"Door Stopper coming untreaded and screen door screws are loose or gone","Sandalfoot On-Site Maintenance",N/A,N/A,No,"No Charge",Active,Checked-out/Clean,1,Management,"Dallman Autumn"
42020342,"Tee Time",,"Northern Portfolio","08/26/26 09:21 am","08/26/26 09:21 am",08/27/26,N/A,"Not Blocked", , ,"lynx lock install","Gulf Coast Maintenance",N/A,N/A,No,"No Charge",Active,Occupied,1,Management,"McNamara Heather"
42020335,"Fore Seasons",,"Northern Portfolio","08/26/26 09:20 am","08/26/26 09:20 am",08/27/26,N/A,"Not Blocked", , ,"lynx lock install","Gulf Coast Maintenance",N/A,N/A,No,"No Charge",Active,Occupied,1,Management,"McNamara Heather"
42005901,"Links & Leisure",,Venice,"08/25/26 12:54 pm","08/25/26 12:54 pm",08/25/26,N/A,"Not Blocked", , ,"garage door remote","Gulf Coast Maintenance",N/A,N/A,No,"No Charge",Active,Occupied,2,Management,"McNamara Heather"
41989897,"Golden Beach #1",,"Sanibel Portfolio","08/24/26 03:39 pm","08/24/26 03:39 pm",08/24/26,N/A,"Not Blocked", , ,"fridge/ freezer","Sanibel Appliance Repair",N/A,N/A,No,"No Charge",Active,Checked-out/Clean,3,Management,"McNamara Heather"
41986908,"Bayside Paradise",,"Northern Portfolio","08/24/26 01:29 pm","08/24/26 01:29 pm",08/24/26,N/A,"Not Blocked", , ,"fire inspection checklist","Gulf Coast Maintenance",N/A,N/A,No,"No Charge",Active,Occupied,3,Management,"McNamara Heather"
41983461,"Palm Garden",,Seasonal,"08/24/26 10:48 am","08/24/26 10:48 am",,N/A,"Not Blocked", , ,"Ceiling leak","Gulf Coast Maintenance",N/A,N/A,No,"No Charge","Pending Final Closing",Dirty,3,Management,"Grajeda Raymundo"
41957602,"Golden Beach Haven",,Venice,"08/22/26 05:17 pm",,,N/A,"Not Blocked", , ,HVAC,N/A,N/A,N/A,No,"No Charge",Pending,Occupied,5,Management,"Grajeda Raymundo"
41955473,"Sandalfoot 5A1",,Sandalfoot,"08/22/26 03:22 pm",,,N/A,"Not Blocked", , ,"doors in front of air handler need to be cleaned and filter changed.",N/A,N/A,N/A,No,"No Charge",Pending,Occupied,5,"Maintenance App","Johnson Michelle"
41955419,"Sandalfoot 5A1",,Sandalfoot,"08/22/26 03:17 pm",,,N/A,"Not Blocked", , ,"Hardware needs tighten",N/A,N/A,N/A,No,"No Charge",Pending,Occupied,5,"Maintenance App","Johnson Michelle"
41955316,"Sandalfoot 4D3",,Sandalfoot,"08/22/26 03:07 pm",,,N/A,"Not Blocked", , ,4D3,N/A,N/A,N/A,No,Owner,Pending,"Pending Inspection",5,Management,"Armstrong Norman"
41955005,"Gulf & Bay Bayside - 1206",,GBB,"08/22/26 02:49 pm","08/22/26 03:11 pm",,N/A,"Not Blocked", , ,Maintnace,"Gulf Coast Maintenance",N/A,N/A,No,"No Charge",Active,Checked-out/Clean,5,"Maintenance App","Matthews Travis"
41954912,"Gulf & Bay Bayside - 1206",,GBB,"08/22/26 02:46 pm",,,N/A,"Not Blocked", , ,Linen,N/A,"Sandra Soria Frausto",N/A,No,"No Charge",Pending,Checked-out/Clean,5,"Maintenance App","Matthews Travis"
41954784,"Gulf & Bay Bayside - 1206",,GBB,"08/22/26 02:39 pm","08/22/26 03:10 pm",,N/A,"Not Blocked", , ,"bedroom 1","Gulf Coast Maintenance",N/A,N/A,No,"No Charge",Active,Checked-out/Clean,5,"Maintenance App","Matthews Travis"
41954102,"Sandalfoot 1A3",,Sandalfoot,"08/22/26 01:51 pm",,,N/A,"Not Blocked", , ,1A3,N/A,"Ben Kobe",N/A,No,"No Charge",Pending,Occupied,5,Management,"Armstrong Norman"
41954009,"Dreams Of Paradise",,"Northern Portfolio","08/22/26 01:43 pm","08/22/26 01:43 pm",,N/A,"Not Blocked", , ,"Lynx lock","Gulf Coast Maintenance",N/A,N/A,No,"No Charge",Active,"Pending Inspection",5,Management,"Grajeda Raymundo"
41952431,"7th Heaven",,"Northern Portfolio","08/22/26 12:47 pm","08/25/26 12:47 pm",,N/A,"Not Blocked", , ,"primary bedroom","Gulf Coast Maintenance",N/A,N/A,No,"No Charge",Active,Checked-out/Clean,5,"Maintenance App","Santana Angel"
41952418,"7th Heaven",,"Northern Portfolio","08/22/26 12:45 pm",,,N/A,"Not Blocked", , ,"living room",N/A,N/A,N/A,No,"No Charge",Pending,Checked-out/Clean,5,"Maintenance App","Santana Angel"
41952240,"Signal Inn - Unit 10",,"Signal Inn","08/22/26 12:34 pm",,,N/A,"Not Blocked", , ,"Broken slider lock",N/A,N/A,N/A,No,"No Charge",Pending,Occupied,5,"Maintenance App","Johnson Michelle"
41951856,"Gulf & Bay Bayside - 1200",,GBB,"08/22/26 12:01 pm","08/22/26 04:14 pm",,N/A,"Not Blocked", , ,bathroom,"Gulf Coast Maintenance",N/A,N/A,No,"No Charge","Pending Final Closing",Checked-out/Clean,5,"Maintenance App","Matthews Travis"
41951707,"Signal Inn - Unit 02",,"Signal Inn","08/22/26 11:50 am",,,N/A,"Not Blocked", , ,"deck slider lock hard to get locked",N/A,N/A,N/A,No,"No Charge",Pending,Checked-out/Clean,5,"Maintenance App","Johnson Michelle"
41951697,"Gulf & Bay Bayside - 1200",,GBB,"08/22/26 11:49 am","08/22/26 04:29 pm",,N/A,"Not Blocked", , ,oven,"Alpha Appliance Solutions LLC",N/A,N/A,No,"No Charge",Active,Checked-out/Clean,5,"Maintenance App","Matthews Travis"
41951691,"Dreams Of Paradise",,"Northern Portfolio","08/22/26 11:49 am","08/22/26 01:42 pm",,N/A,"Not Blocked", , ,"Guest bedroom","Gulf Coast Maintenance",N/A,N/A,No,"No Charge",Active,"Pending Inspection",5,"Maintenance App","Santana Angel"
41951393,"Dreams Of Paradise",,"Northern Portfolio","08/22/26 11:22 am","08/22/26 01:39 pm",,N/A,"Not Blocked", , ,pool,"Splash Pros LLC",N/A,N/A,No,"No Charge",Active,"Pending Inspection",5,"Maintenance App","Santana Angel"
41951387,"Gulf & Bay Bayside - 1269",,GBB,"08/22/26 11:22 am","08/22/26 02:51 pm",,N/A,"Not Blocked", , ,"Various maintenance iss","Gulf Coast Maintenance",N/A,N/A,No,"No Charge",Active,Checked-out/Clean,5,"Maintenance App","Matthews Travis"
41950857,"Sandy Pointe",,"Northern Portfolio","08/22/26 10:44 am","08/22/26 03:43 pm",,N/A,"Not Blocked", , ,pool,"Gulf Coast Maintenance",N/A,N/A,No,"No Charge",Active,Occupied,5,"Maintenance App","Santana Angel"
41950308,"Bayside Paradise",,"Northern Portfolio","08/22/26 10:00 am","08/22/26 10:53 am",,N/A,"Not Blocked", , ,"Guest bedroom","Gulf Coast Maintenance",N/A,N/A,No,"No Charge","Pending Final Closing",Occupied,5,"Maintenance App","Santana Angel"
41950164,"Bayside Paradise",,"Northern Portfolio","08/22/26 09:46 am",,,N/A,"Not Blocked", , ,"Coffee pot",N/A,"Sandra Soria Frausto",N/A,No,"No Charge",Pending,Occupied,5,"Maintenance App","Santana Angel"
41950146,"Bayside Paradise",,"Northern Portfolio","08/22/26 09:44 am","08/22/26 11:20 am",,N/A,"Not Blocked", , ,"kitchen - refrigerator","Gulf Coast Maintenance",N/A,N/A,No,"No Charge",Active,Occupied,5,"Maintenance App","Santana Angel"
41918608,"Gulf & Bay Bayside - 1385",,GBB,"08/20/26 12:42 pm",,,N/A,"Not Blocked", , ,dryer,N/A,N/A,N/A,No,"No Charge",Pending,Checked-out/Clean,7,"Maintenance App","Santana Angel"
41918344,"Gulf & Bay Bayside - 1385",,GBB,"08/20/26 12:28 pm","08/20/26 12:37 pm",,N/A,"Not Blocked", , ,"Air filter",N/A,N/A,N/A,No,"No Charge",Active,Checked-out/Clean,7,"Maintenance App","Santana Angel"
41917778,"Villa Milano",,LUXURY,"08/20/26 11:54 am","08/20/26 11:54 am",08/20/26,N/A,"Not Blocked", , ,"pool screen damage","Gulf Coast Maintenance",N/A,N/A,No,"No Charge","Pending Final Closing",Occupied,7,Management,"McNamara Heather"
41917672,"Gulf & Bay Bayside - 1260",,GBB,"08/20/26 11:46 am","08/20/26 12:40 pm",,N/A,"Not Blocked", , ,"Air filter",N/A,N/A,N/A,No,"No Charge",Active,Occupied,7,"Maintenance App","Santana Angel"
41917049,"Gulf & Bay Bayside - 1346",,GBB,"08/20/26 11:15 am","08/20/26 12:45 pm",,N/A,"Not Blocked", , ,"Air filter",N/A,N/A,N/A,No,"No Charge",Active,Reclean,7,"Maintenance App","Santana Angel"
41916909,"Gulf & Bay Bayside - 1346",,GBB,"08/20/26 10:58 am",,,N/A,"Not Blocked", , ,mirrors,N/A,N/A,N/A,No,"No Charge",Pending,Reclean,7,"Maintenance App","Santana Angel"
41916868,"Gulf & Bay Bayside - 1346",,GBB,"08/20/26 10:57 am",,,N/A,"Not Blocked", , ,"primary bathroom",N/A,N/A,N/A,No,"No Charge",Pending,Reclean,7,"Maintenance App","Santana Angel"
41916830,"Gulf & Bay Bayside - 1346",,GBB,"08/20/26 10:52 am",,,N/A,"Not Blocked", , ,"primary bathroom",N/A,N/A,N/A,No,"No Charge",Pending,Reclean,7,"Maintenance App","Santana Angel"
41916573,"Gulf & Bay Bayside - 1339",,GBB,"08/20/26 10:25 am","08/20/26 12:47 pm",,N/A,"Not Blocked", , ,"Air filter",N/A,N/A,N/A,No,"No Charge",Active,Checked-out/Clean,7,"Maintenance App","Santana Angel"
41916493,"Gulf & Bay Bayside - 1339",,GBB,"08/20/26 10:21 am",,,N/A,"Not Blocked", , ,dryer,N/A,N/A,N/A,No,"No Charge",Pending,Checked-out/Clean,7,"Maintenance App","Santana Angel"
41916420,"Gulf & Bay Bayside - 1339",,GBB,"08/20/26 10:12 am",,,N/A,"Not Blocked", , ,"Guest bathroom",N/A,N/A,N/A,No,"No Charge",Pending,Checked-out/Clean,7,"Maintenance App","Santana Angel"
41903382,"Bali Poolside",,"Northern Portfolio","08/19/26 03:07 pm","08/19/26 03:07 pm",08/19/26,N/A,"Not Blocked", , ,"ozone machine","Sandra Soria Frausto",N/A,N/A,No,"No Charge",Active,Checked-out/Clean,8,Management,"McNamara Heather"
41902292,"Ocean Eyes",,LUXURY,"08/19/26 02:20 pm","08/19/26 02:20 pm",08/19/26,N/A,"Not Blocked", , ,"partial payment","Gulf Coast Vacation Rentals",N/A,N/A,Yes,"No Charge",Active,Occupied,8,Management,"Consigna Vernice"
41900977,"Gulf & Bay Bayside - 1269",,GBB,"08/19/26 01:00 pm","08/19/26 02:36 pm",08/19/26,N/A,"Not Blocked", , ,"guest bathroom bath door / yellow leak under bathroom sinks","Gulf Coast Maintenance",N/A,N/A,No,"No Charge",Active,Checked-out/Clean,8,"Maintenance App","Cleaning Angelscleaning"
41900184,"A Wave from it All",,Seasonal,"08/19/26 12:23 pm",,,N/A,"Not Blocked", , ,"Guest bathroom",N/A,N/A,N/A,No,"No Charge",Pending,Checked-out/Clean,8,"Maintenance App","Santana Angel"
41900119,"A Wave from it All",,Seasonal,"08/19/26 12:19 pm",,,N/A,"Not Blocked", , ,kitchen,N/A,N/A,N/A,No,"No Charge",Pending,Checked-out/Clean,8,"Maintenance App","Santana Angel"
41899837,"A Wave from it All",,Seasonal,"08/19/26 12:01 pm",,,N/A,"Not Blocked", , ,"primary bedroom",N/A,N/A,N/A,No,"No Charge",Pending,Checked-out/Clean,8,"Maintenance App","Santana Angel"
41898382,"Bali Poolside",,"Northern Portfolio","08/19/26 10:38 am","08/19/26 02:44 pm",,N/A,"Not Blocked", , ,pool,"Gulf Coast Maintenance",N/A,N/A,No,"No Charge","Pending Final Closing",Checked-out/Clean,8,"Maintenance App","Santana Angel"
41898349,"Bali Poolside",,"Northern Portfolio","08/19/26 10:35 am",,,N/A,"Not Blocked", , ,pool,N/A,N/A,N/A,No,"No Charge",Pending,Checked-out/Clean,8,"Maintenance App","Santana Angel"
41898198,"Bali Poolside",,"Northern Portfolio","08/19/26 10:27 am","08/19/26 02:45 pm",,N/A,"Not Blocked", , ,"trash bins","T-Wreckz Junk Removal LLC",N/A,N/A,No,"No Charge",Active,Checked-out/Clean,8,"Maintenance App","Santana Angel"
41898116,"Bali Poolside",,"Northern Portfolio","08/19/26 10:20 am","08/19/26 02:49 pm",,N/A,"Not Blocked", , ,"living room and bedroom","Gulf Coast Maintenance",N/A,N/A,No,"No Charge","Pending Final Closing",Checked-out/Clean,8,"Maintenance App","Santana Angel"
41896983,"Coastal Oasis",,"Northern Portfolio","08/19/26 08:53 am","08/19/26 08:53 am",08/19/26,N/A,"Not Blocked", , ,"quote for tree trimming","MJ Lawn Care & Tree Service",N/A,N/A,No,"No Charge",Active,Occupied,8,Management,"McNamara Heather"
41880511,Fishtail,,"Central Portfolio","08/18/26 12:14 pm","08/18/26 02:36 pm",,N/A,"Not Blocked", , ,"multiple items from inspection",N/A,N/A,N/A,No,"No Charge",Active,Checked-out/Clean,9,"Maintenance App","Matthews Travis"
41879930,"Southern Exposure",,"Northern Portfolio","08/18/26 11:40 am","08/18/26 02:14 pm",,N/A,"Not Blocked", , ,"living room - vent cover","Gulf Coast Maintenance",N/A,N/A,No,"No Charge","Pending Final Closing",Occupied,9,"Maintenance App","Santana Angel"
41879906,"Gulf & Bay Bayside - 1274",,GBB,"08/18/26 11:38 am",,,N/A,"Not Blocked", , ,"Master bathroom and Guest bathroom",N/A,N/A,N/A,No,"No Charge",Pending,Occupied,9,"Maintenance App","Randall Cararese"
41879816,"Southern Exposure",,"Northern Portfolio","08/18/26 11:31 am","08/18/26 11:38 am",08/18/26,N/A,"Not Blocked", , ,"Trash bins","T-Wreckz Junk Removal LLC",N/A,N/A,No,"No Charge",Active,Occupied,9,"Maintenance App","Santana Angel"
41878701,"Gulf & Bay Bayside - 1368",,GBB,"08/18/26 10:18 am","08/18/26 10:18 am",08/18/26,N/A,"Not Blocked", , ,"living room carpet","Carpet Cleaner's Near Me LLC",N/A,N/A,No,"No Charge",Active,Checked-out/Clean,9,Management,"McNamara Heather"
41876983,"Sweet Pineapple",,"Northern Portfolio","08/18/26 07:46 am","08/18/26 07:46 am",08/18/26,N/A,"Not Blocked", , ,"wasp nest","Tropic Pest Control",N/A,N/A,No,"No Charge",Active,Occupied,9,Management,"McNamara Heather"
41876973,"Florida Oasis",,"Northern Portfolio","08/18/26 07:41 am","08/18/26 07:41 am",08/18/26,N/A,"Not Blocked", , ,"hornets nest","Tropic Pest Control",N/A,N/A,No,"No Charge",Active,Checked-out/Clean,9,Management,"McNamara Heather"
41866430,"Residences Of Siesta Key",,LUXURY,"08/17/26 04:26 pm","08/17/26 04:26 pm",,N/A,"Not Blocked", , ,"Freeazer door","Alpha Appliance Solutions LLC",N/A,N/A,No,"No Charge",Active,Occupied,10,Management,"Grajeda Raymundo"
41842815,"Links & Leisure",,Venice,"08/16/26 08:56 am","08/16/26 08:56 am",,N/A,"Not Blocked", , ,"Washer is not working","A-PLUS ACTION APPLIANCE SERVICE AND SALES, INC",N/A,N/A,No,"No Charge",Active,Occupied,11,Management,"Grajeda Raymundo"
41832699,"7th Heaven",,"Northern Portfolio","08/15/26 02:22 pm","08/17/26 08:20 am",,N/A,"Not Blocked", , ,trash,"T-Wreckz Junk Removal LLC",N/A,N/A,No,"No Charge",Active,Checked-out/Clean,12,"Maintenance App","Sierra Mesa Juan"
41831940,"Gulf & Bay Bayside - 1241",,GBB,"08/15/26 01:29 pm",,,N/A,"Not Blocked", , ,"Guest bathroom",N/A,N/A,N/A,No,"No Charge",Pending,Checked-out/Clean,12,"Maintenance App","Randall Cararese"
41831012,"Gulf & Bay Bayside - 1339",,GBB,"08/15/26 12:35 pm",,,N/A,"Not Blocked", , ,"The living room",N/A,N/A,N/A,No,"No Charge",Pending,Checked-out/Clean,12,"Maintenance App","Randall Cararese"
41830135,"Gulf & Bay Bayside - 1340",,GBB,"08/15/26 12:03 pm","08/17/26 12:44 pm",,N/A,"Not Blocked", , ,kitchen,"Gulf Coast Maintenance",N/A,N/A,No,"No Charge",Active,Occupied,12,"Maintenance App","Randall Cararese"
41829180,"Gulf & Bay Bayside - 1343",,GBB,"08/15/26 11:01 am",,,N/A,"Not Blocked", , ,"The guest bathroom vent",N/A,N/A,N/A,No,"No Charge",Pending,Checked-out/Clean,12,"Maintenance App","Randall Cararese"
41829077,"Gulf & Bay Bayside - 1351",,GBB,"08/15/26 10:54 am","08/17/26 10:49 am",,N/A,"Not Blocked", , ,kitchen,"Gulf Coast Maintenance",N/A,N/A,No,"No Charge","Pending Final Closing",Checked-out/Clean,12,"Maintenance App","Matthews Travis"
41829074,"Gulf & Bay Bayside - 1343",,GBB,"08/15/26 10:54 am",,,N/A,"Not Blocked", , ,"Master bathroom Vent",N/A,N/A,N/A,No,"No Charge",Pending,Checked-out/Clean,12,"Maintenance App","Randall Cararese"
41829046,"Gulf & Bay Bayside - 1351",,GBB,"08/15/26 10:51 am",,,N/A,"Not Blocked", , ,kitchen,N/A,N/A,N/A,No,"No Charge",Pending,Checked-out/Clean,12,"Maintenance App","Matthews Travis"
41828876,"Gulf & Bay Bayside - 1240",,GBB,"08/15/26 10:33 am","08/17/26 01:56 pm",,N/A,"Not Blocked", , ,wifi,N/A,N/A,N/A,No,"No Charge",Active,Occupied,12,"Maintenance App","Matthews Travis"
41828689,"Gulf & Bay Bayside - 1358",,GBB,"08/15/26 10:17 am","08/17/26 10:29 am",,N/A,"Not Blocked", , ,"Guest bathroom","Gulf Coast Maintenance",N/A,N/A,No,"No Charge",Active,Checked-out/Clean,12,"Maintenance App","Randall Cararese"
41828651,"Gulf & Bay Bayside - 1358",,GBB,"08/15/26 10:14 am","08/17/26 10:32 am",,N/A,"Not Blocked", , ,"Master bathroom toilet seat","Gulf Coast Maintenance",N/A,N/A,No,"No Charge","Pending Final Closing",Checked-out/Clean,12,"Maintenance App","Randall Cararese"
41828636,"Gulf & Bay Bayside - 1240",,GBB,"08/15/26 10:12 am","08/17/26 02:02 pm",,N/A,"Not Blocked", , ,lanai,"Gulf Coast Maintenance",N/A,N/A,No,"No Charge",Active,Occupied,12,"Maintenance App","Matthews Travis"
41828411,"Gulf & Bay Bayside - 1358",,GBB,"08/15/26 09:51 am",,,N/A,"Not Blocked", , ,"living room couches",N/A,N/A,N/A,No,"No Charge",Pending,Checked-out/Clean,12,"Maintenance App","Randall Cararese"
41828004,"Southern Exposure",,"Northern Portfolio","08/15/26 08:55 am","08/15/26 08:55 am",,N/A,"Not Blocked", , ,"Door mat","Gulf Coast Maintenance",N/A,N/A,No,"No Charge",Active,Occupied,12,Management,"Grajeda Raymundo"
41813893,"Gulf & Bay Bayside - 1364",,GBB,"08/14/26 01:09 pm","08/15/26 11:49 am",,N/A,"Not Blocked", , ,"kitchen cookware",N/A,N/A,N/A,No,"No Charge",Active,Checked-out/Clean,13,"Maintenance App","Randall Cararese"
41813052,"Gulf & Bay Bayside - 1373",,GBB,"08/14/26 12:13 pm","08/15/26 10:04 am",,N/A,"Not Blocked", , ,"guest bathroom shower curtain",N/A,N/A,N/A,No,"No Charge",Active,Checked-out/Clean,13,"Maintenance App","Randall Cararese"
41813011,"Sandalfoot 3A2",,Sandalfoot,"08/14/26 12:11 pm","08/14/26 12:11 pm",,N/A,"Not Blocked", , ,"reinstall towel rack","Sandalfoot On-Site Maintenance",N/A,N/A,No,"No Charge",Active,Checked-out/Clean,13,Management,"Garcia Kyle"
41812891,"Gulf & Bay Bayside - 1373",,GBB,"08/14/26 12:04 pm",,,N/A,"Not Blocked", , ,"The vent that's in the hallway for the filter",N/A,N/A,N/A,No,"No Charge",Pending,Checked-out/Clean,13,"Maintenance App","Randall Cararese"
41812455,"Ospreys Nest",,Seasonal,"08/14/26 11:35 am",,,N/A,"Not Blocked", , ,couch,N/A,N/A,N/A,No,"No Charge",Pending,Checked-out/Clean,13,"Maintenance App","Santana Angel"
41812398,"Sandalfoot 2A3",,Sandalfoot,"08/14/26 11:32 am",,08/14/26,N/A,"Not Blocked", , ,"slider door won't lock",N/A,N/A,N/A,No,"No Charge",Pending,Occupied,13,"Maintenance App","Garcia Kyle"
41811942,"Ospreys Nest",,Seasonal,"08/14/26 11:07 am","08/15/26 01:18 pm",,N/A,"Not Blocked", , ,HVAC,"Aap Air, LLC",N/A,N/A,No,"No Charge","Pending Final Closing",Checked-out/Clean,13,"Maintenance App","Santana Angel"
41811808,"Gulf & Bay Bayside - 1382",,GBB,"08/14/26 11:02 am",,,N/A,"Not Blocked", , ,"laundry room",N/A,N/A,N/A,No,"No Charge",Pending,Checked-out/Clean,13,"Maintenance App","Randall Cararese"
41810886,Avalon,,"Central Portfolio","08/14/26 09:58 am","08/22/26 10:12 am",,N/A,"Not Blocked", , ,trees,"MJ Lawn Care & Tree Service",N/A,N/A,No,"No Charge",Active,Checked-out/Clean,13,"Maintenance App","Matthews Travis"
41800509,"Sandalfoot 1B2",,Sandalfoot,"08/13/26 04:53 pm","08/13/26 04:53 pm",08/27/26,N/A,"Not Blocked", , ,"TV account correction","Sandalfoot On-Site Maintenance",N/A,N/A,No,"No Charge",Active,Checked-out/Clean,14,Management,"Yelenich Peyton"
41798143,"Gulf & Bay Bayside - 1200",,GBB,"08/13/26 02:49 pm","08/13/26 02:49 pm",,N/A,"Not Blocked", , ,"AC Clogged drain line","Global Air Conditioning, Inc.",N/A,N/A,No,"No Charge",Active,Checked-out/Clean,14,Management,"Grajeda Raymundo"
41797172,"Gulf & Bay Bayside - 1275",,GBB,"08/13/26 01:52 pm",,,N/A,"Not Blocked", , ,"guest bathroom",N/A,N/A,N/A,No,"No Charge",Pending,Occupied,14,"Maintenance App","Randall Cararese"
41796677,"Harbour Happiness",,"Northern Portfolio","08/13/26 01:29 pm","08/15/26 08:11 am",08/15/26,N/A,"Not Blocked", , ,"primary bedroom","Gulf Coast Maintenance",N/A,N/A,No,"No Charge",Active,Dirty,14,"Maintenance App","Santana Angel"
41796591,"Harbour Happiness",,"Northern Portfolio","08/13/26 01:23 pm",,,N/A,"Not Blocked", , ,"trash bin",N/A,N/A,N/A,No,"No Charge",Pending,Dirty,14,"Maintenance App","Santana Angel"
41796576,"Harbour Happiness",,"Northern Portfolio","08/13/26 01:21 pm",,,N/A,"Not Blocked", , ,"pool toys",N/A,N/A,N/A,No,"No Charge",Pending,Dirty,14,"Maintenance App","Santana Angel"
41796544,"Harbour Happiness",,"Northern Portfolio","08/13/26 01:16 pm","08/14/26 12:32 pm",,N/A,"Not Blocked", , ,entryway,"Gulf Coast Maintenance",N/A,N/A,No,"No Charge","Pending Final Closing",Dirty,14,"Maintenance App","Santana Angel"
41796427,"Harbour Happiness",,"Northern Portfolio","08/13/26 01:08 pm",,,N/A,"Not Blocked", , ,entry,N/A,N/A,N/A,No,"No Charge",Pending,Dirty,14,"Maintenance App","Santana Angel"
41796239,"Gulf & Bay Bayside - 1291",,GBB,"08/13/26 12:54 pm",,,N/A,"Not Blocked", , ,"Guest bathroom vent and fan",N/A,N/A,N/A,No,"No Charge",Pending,Checked-out/Clean,14,"Maintenance App","Randall Cararese"
41796212,"Gulf & Bay Bayside - 1291",,GBB,"08/13/26 12:52 pm",,,N/A,"Not Blocked", , ,"Master bathroom vent",N/A,N/A,N/A,No,"No Charge",Pending,Checked-out/Clean,14,"Maintenance App","Randall Cararese"
41794886,"Gulf Horizon",,LUXURY,"08/13/26 11:48 am","08/13/26 09:28 pm",,N/A,"Not Blocked", , ,"kitchen towels and oven mittens","Gulf Coast Maintenance",N/A,N/A,No,"No Charge",Active,Checked-out/Clean,14,"Maintenance App","Randall Cararese"
41794840,"Gulf Horizon",,LUXURY,"08/13/26 11:47 am","08/15/26 08:26 am",08/15/26,N/A,"Not Blocked", , ,"fire extinguisher","Gulf Coast Maintenance",N/A,N/A,No,"No Charge",Active,Checked-out/Clean,14,"Maintenance App","Randall Cararese"
41793856,"Bayside Paradise",,"Northern Portfolio","08/13/26 10:48 am","08/13/26 09:00 pm",,N/A,"Not Blocked", , ,pool,"Splash Pros LLC",N/A,N/A,No,"No Charge",Active,Occupied,14,"Maintenance App","Santana Angel"
41793784,"Bayside Paradise",,"Northern Portfolio","08/13/26 10:39 am",,,N/A,"Not Blocked", , ,Coffee,N/A,N/A,N/A,No,"No Charge",Pending,Occupied,14,"Maintenance App","Santana Angel"
41793731,"Bayside Paradise",,"Northern Portfolio","08/13/26 10:33 am","08/13/26 09:01 pm",,N/A,"Not Blocked", , ,"Game room","Gulf Coast Maintenance",N/A,N/A,No,"No Charge",Active,Occupied,14,"Maintenance App","Santana Angel"
41793350,"Bayside Paradise",,"Northern Portfolio","08/13/26 10:19 am",,,N/A,"Not Blocked", , ,dryer,N/A,N/A,N/A,No,"No Charge",Pending,Occupied,14,"Maintenance App","Santana Angel"
41793291,"Bayside Paradise",,"Northern Portfolio","08/13/26 10:12 am",,,N/A,"Not Blocked", , ,"1st floor",N/A,N/A,N/A,No,"No Charge",Pending,Occupied,14,"Maintenance App","Santana Angel"
41793273,"Bayside Paradise",,"Northern Portfolio","08/13/26 10:11 am","08/13/26 12:30 pm",,N/A,"Not Blocked", , ,trash,"T-Wreckz Junk Removal LLC",N/A,N/A,No,"No Charge",Active,Occupied,14,"Maintenance App","Santana Angel"
41781675,"Gulf & Bay Bayside - 1365",,GBB,"08/12/26 04:32 pm","08/12/26 04:32 pm",08/12/26,N/A,"Not Blocked", , ,"stove drip pans","Gulf Coast Maintenance",N/A,N/A,No,"No Charge",Active,"Pending Inspection",15,Management,"McNamara Heather"
41781283,"Villa Milano",,LUXURY,"08/12/26 04:10 pm","08/12/26 04:10 pm",08/12/26,N/A,"Not Blocked", , ,"outside sconces","Gulf Coast Maintenance",N/A,N/A,No,"No Charge",Active,Occupied,15,Management,"McNamara Heather"
41781224,"Gulf & Bay Bayside - 1365",,GBB,"08/12/26 04:06 pm","08/12/26 04:09 pm",,N/A,"Not Blocked", , ,"Master bathroom","Gulf Coast Maintenance",N/A,N/A,No,"No Charge",Active,"Pending Inspection",15,Management,"Grajeda Raymundo"
41778835,"Gulf & Bay Bayside - 1269",,GBB,"08/12/26 02:01 pm",,,N/A,"Not Blocked", , ,"Guest bathroom",N/A,N/A,N/A,No,"No Charge",Pending,Checked-out/Clean,15,"Maintenance App","Randall Cararese"
41778826,"Gulf & Bay Bayside - 1269",,GBB,"08/12/26 01:59 pm","08/12/26 02:55 pm",,N/A,"Not Blocked", , ,"Kitchen ceiling","Gulf Coast Maintenance",N/A,N/A,No,"No Charge","Pending Final Closing",Checked-out/Clean,15,"Maintenance App","Randall Cararese"
41778398,"Shaker Of Salt",,"Northern Portfolio","08/12/26 01:32 pm","08/12/26 03:21 pm",,N/A,"Not Blocked", , ,"Window cracked","Gulf Coast Maintenance",N/A,N/A,No,"No Charge",Active,Occupied,15,"Maintenance App","Santana Angel"
41778359,"Shaker Of Salt",,"Northern Portfolio","08/12/26 01:30 pm",,,N/A,"Not Blocked", , ,"Coffee pot",N/A,N/A,N/A,No,"No Charge",Pending,Occupied,15,"Maintenance App","Santana Angel"
41778247,"Shaker Of Salt",,"Northern Portfolio","08/12/26 01:24 pm",,,N/A,"Not Blocked", , ,"living room",N/A,N/A,N/A,No,"No Charge",Pending,Occupied,15,"Maintenance App","Santana Angel"
41778237,"Shaker Of Salt",,"Northern Portfolio","08/12/26 01:22 pm",,,N/A,"Not Blocked", , ,"overall clean",N/A,N/A,N/A,No,"No Charge",Pending,Occupied,15,"Maintenance App","Santana Angel"
41778086,"Shaker Of Salt",,"Northern Portfolio","08/12/26 01:16 pm",,,N/A,"Not Blocked", , ,"pool towels",N/A,N/A,N/A,No,"No Charge",Pending,Occupied,15,"Maintenance App","Santana Angel"
41778076,"Shaker Of Salt",,"Northern Portfolio","08/12/26 01:14 pm",,,N/A,"Not Blocked", , ,"guest bedroom",N/A,N/A,N/A,No,"No Charge",Pending,Occupied,15,"Maintenance App","Santana Angel"
41777849,"Shaker Of Salt",,"Northern Portfolio","08/12/26 01:01 pm",,,N/A,"Not Blocked", , ,"sliding glass door",N/A,N/A,N/A,No,"No Charge",Pending,Occupied,15,"Maintenance App","Santana Angel"
41777801,"Shaker Of Salt",,"Northern Portfolio","08/12/26 12:58 pm",,,N/A,"Not Blocked", , ,hallway,N/A,N/A,N/A,No,"No Charge",Pending,Occupied,15,"Maintenance App","Santana Angel"
41777748,"Gulf & Bay Bayside - 1350",,GBB,"08/12/26 12:54 pm","08/12/26 03:08 pm",,N/A,"Not Blocked", , ,"downstairs bathroom Tissue holder","Gulf Coast Maintenance",N/A,N/A,No,"No Charge","Pending Final Closing",Occupied,15,"Maintenance App","Randall Cararese"
41777746,"Shaker Of Salt",,"Northern Portfolio","08/12/26 12:54 pm",,,N/A,"Not Blocked", , ,"primary bedroom",N/A,N/A,N/A,No,"No Charge",Pending,Occupied,15,"Maintenance App","Santana Angel"
41777213,"Shaker Of Salt",,"Northern Portfolio","08/12/26 12:30 pm",,,N/A,"Not Blocked", , ,"Front Yard",N/A,N/A,N/A,No,"No Charge",Pending,Occupied,15,"Maintenance App","Santana Angel"
41776586,"Gulf & Bay Bayside - 1389",,GBB,"08/12/26 11:55 am",,,N/A,"Not Blocked", , ,"The guest bathroom",N/A,N/A,N/A,No,"No Charge",Pending,Dirty,15,"Maintenance App","Randall Cararese"
41776475,"Gulf & Bay Bayside - 1389",,GBB,"08/12/26 11:47 am","08/12/26 04:30 pm",,N/A,"Not Blocked", , ,"balcony Area","GBB Maintenance",N/A,N/A,No,"No Charge",Active,Dirty,15,"Maintenance App","Randall Cararese"
41776452,"Gulf & Bay Bayside - 1389",,GBB,"08/12/26 11:45 am",,,N/A,"Not Blocked", , ,"The living room couches",N/A,N/A,N/A,No,"No Charge",Pending,Dirty,15,"Maintenance App","Randall Cararese"
41775770,"Gulf & Bay Bayside - 1360",,GBB,"08/12/26 11:01 am",,,N/A,"Not Blocked", , ,"kitchen dishes",N/A,N/A,N/A,No,"No Charge",Pending,Occupied,15,"Maintenance App","Randall Cararese"
41775552,"Gulf & Bay Bayside - 1360",,GBB,"08/12/26 10:48 am",,,N/A,"Not Blocked", , ,"Master bathroom",N/A,N/A,N/A,No,"No Charge",Pending,Occupied,15,"Maintenance App","Randall Cararese"
41775550,"Turtle House",,Seasonal,"08/12/26 10:48 am",,,N/A,"Not Blocked", , ,entryway,N/A,N/A,N/A,No,"No Charge",Pending,Occupied,15,"Maintenance App","Santana Angel"
41775526,"Gulf & Bay Bayside - 1360",,GBB,"08/12/26 10:46 am",,,N/A,"Not Blocked", , ,"Master bathroom toilet",N/A,N/A,N/A,No,"No Charge",Pending,Occupied,15,"Maintenance App","Randall Cararese"
41775344,"Turtle House",,Seasonal,"08/12/26 10:35 am","08/12/26 02:05 pm",,N/A,"Not Blocked", , ,"Guest bedroom","Gulf Coast Maintenance",N/A,N/A,No,"No Charge",Active,Occupied,15,"Maintenance App","Santana Angel"
41774995,"Gulf & Bay Bayside - 1365",,GBB,"08/12/26 10:09 am",,,N/A,"Not Blocked", , ,"The master bathroom vent and faucets",N/A,N/A,N/A,No,"No Charge",Pending,"Pending Inspection",15,"Maintenance App","Randall Cararese"
41755068,"Gulf & Bay Bayside - 1328",,GBB,"08/11/26 11:31 am",,,N/A,"Not Blocked", , ,"guest bedroom",N/A,N/A,N/A,No,"No Charge",Pending,Checked-out/Clean,16,"Maintenance App","Randall Cararese"
41754935,"Gulf & Bay Bayside - 1328",,GBB,"08/11/26 11:24 am",,,N/A,"Not Blocked", , ,"guest bathroom mirror",N/A,N/A,N/A,No,"No Charge",Pending,Checked-out/Clean,16,"Maintenance App","Randall Cararese"
41754910,"Gulf & Bay Bayside - 1328",,GBB,"08/11/26 11:22 am","08/12/26 09:20 am",,N/A,"Not Blocked", , ,"guest bedroom","Gulf Coast Maintenance",N/A,N/A,No,"No Charge",Active,Checked-out/Clean,16,"Maintenance App","Randall Cararese"
41754900,"Gulf & Bay Bayside - 1328",,GBB,"08/11/26 11:20 am",,,N/A,"Not Blocked", , ,"master bathroom shower",N/A,N/A,N/A,No,"No Charge",Pending,Checked-out/Clean,16,"Maintenance App","Randall Cararese"
41754092,"Gulf & Bay Bayside - 1342",,GBB,"08/11/26 10:30 am",,,N/A,"Not Blocked", , ,"The guest bathroom",N/A,N/A,N/A,No,"No Charge",Pending,Checked-out/Clean,16,"Maintenance App","Randall Cararese"
41754052,"Gulf & Bay Bayside - 1342",,GBB,"08/11/26 10:28 am","08/11/26 06:26 pm",,N/A,"Not Blocked", , ,"Master bedroom blinds","Gulf Coast Maintenance",N/A,N/A,No,"No Charge","Pending Final Closing",Checked-out/Clean,16,"Maintenance App","Randall Cararese"
41754032,"Gulf & Bay Bayside - 1204",,GBB,"08/11/26 10:26 am","08/11/26 10:27 am",,N/A,"Not Blocked", , ,"Purchase/deliver new recliner","Gulf Coast Maintenance",N/A,N/A,No,"No Charge",Active,Occupied,16,Management,"Grajeda Raymundo"
41753968,"Gulf & Bay Bayside - 1342",,GBB,"08/11/26 10:22 am",,,N/A,"Not Blocked", , ,"Master bathroom",N/A,N/A,N/A,No,"No Charge",Pending,Checked-out/Clean,16,"Maintenance App","Randall Cararese"
41753866,"Day Dreamer",,"Northern Portfolio","08/11/26 10:12 am",,,N/A,"Not Blocked", , ,"entrance rug dirty",N/A,N/A,N/A,No,"No Charge",Pending,Occupied,16,"Maintenance App","Sierra Mesa Juan"
41740551,"Sandalfoot 4C1",,Sandalfoot,"08/10/26 03:21 pm",,,N/A,"Not Blocked", , ,"Guest bathroom tub drain disconnected",N/A,N/A,N/A,No,"No Charge",Pending,Occupied,17,"Maintenance App","Garcia Kyle"
41723230,"Sandalfoot 1C2",,Sandalfoot,"08/09/26 05:29 pm",,,N/A,"Not Blocked", , ,"Wall marks",N/A,N/A,N/A,No,"No Charge",Pending,Checked-out/Clean,18,"Maintenance App","Urroz Cesar"
41721350,"Sandalfoot 4D1",,Sandalfoot,"08/09/26 03:27 pm",,,N/A,"Not Blocked", , ,"Wall marks",N/A,N/A,N/A,No,"No Charge",Pending,Checked-out/Clean,18,"Maintenance App","Urroz Cesar"
41718785,"Signal Inn - Unit 15",,"Signal Inn","08/09/26 12:55 pm",,,N/A,"Not Blocked", , ,"Wall marks/paint chipped/water damage",N/A,N/A,N/A,No,"No Charge",Pending,Checked-out/Clean,18,"Maintenance App","Urroz Cesar"
41718157,"Signal Inn - Unit 05",,"Signal Inn","08/09/26 12:02 pm",,,N/A,"Not Blocked", , ,"Wall marks",N/A,N/A,N/A,No,"No Charge",Pending,Occupied,18,"Maintenance App","Urroz Cesar"
41712455,"Sandalfoot 5C2",,Sandalfoot,"08/08/26 05:56 pm",,,N/A,"Not Blocked", , ,"Wall marks",N/A,N/A,N/A,No,"No Charge",Pending,Occupied,19,"Maintenance App","Urroz Cesar"
41702102,"Signal Inn - Unit 08",,"Signal Inn","08/08/26 04:21 pm",,,N/A,"Not Blocked", , ,Bathroom,N/A,N/A,N/A,No,"No Charge",Pending,Occupied,19,"Maintenance App","Urroz Cesar"
41701443,"My Great Escape",,"Northern Portfolio","08/08/26 03:45 pm","08/10/26 11:24 am",,N/A,"Not Blocked", , ,"lamp shade damaged","Gulf Coast Maintenance",N/A,N/A,No,"No Charge","Pending Final Closing",Occupied,19,"Maintenance App","Soria Frausto Sandra"
41700698,"Signal Inn - Unit 09",,"Signal Inn","08/08/26 02:51 pm",,,N/A,"Not Blocked", , ,"Living room",N/A,N/A,N/A,No,"No Charge",Pending,Occupied,19,"Maintenance App","Urroz Cesar"
41700056,"Gulf & Bay Bayside - 1313",,GBB,"08/08/26 02:06 pm","08/09/26 09:27 am",,N/A,"Not Blocked", , ,"living room couches","America's Carpet Masters Services Corp.",N/A,N/A,No,"No Charge",Active,Checked-out/Clean,19,"Maintenance App","Randall Cararese"
41698724,"Sandalfoot 4B3",,Sandalfoot,"08/08/26 12:48 pm",,,N/A,"Not Blocked", , ,"Wall marks",N/A,N/A,N/A,No,"No Charge",Pending,Occupied,19,"Maintenance App","Urroz Cesar"
41698461,"Gulf & Bay Bayside - 1368",,GBB,"08/08/26 12:39 pm","08/08/26 04:52 pm",,N/A,"Not Blocked", , ,"living room couch","America's Carpet Masters Services Corp.",N/A,N/A,No,"No Charge","Pending Final Closing",Checked-out/Clean,19,"Maintenance App","Randall Cararese"
41696156,"Sandalfoot 5B2",,Sandalfoot,"08/08/26 10:04 am","08/08/26 10:04 am",08/08/26,N/A,"Not Blocked", , ,"lanai ceiling fan","Sandalfoot Maintenance",N/A,N/A,No,"No Charge",Active,Occupied,19,Management,"Yelenich Peyton"
41683179,"Gulf & Bay Bayside - 1340",,GBB,"08/07/26 02:43 pm","08/07/26 03:11 pm",,N/A,"Not Blocked", , ,"Guest bathroom","Gulf Coast Property Management",N/A,N/A,No,"No Charge",Active,Occupied,20,"Maintenance App","Randall Cararese"
41681675,"Be Still Beach Retreat",,"Northern Portfolio","08/07/26 01:25 pm","08/07/26 03:27 pm",,N/A,"Not Blocked", , ,"Bath towels","Gulf Coast Maintenance",N/A,N/A,No,"No Charge",Active,Dirty,20,"Maintenance App","Santana Angel"
41663609,"zSunset Splash",,"Northern Portfolio","08/06/26 03:36 pm","08/07/26 09:19 am",08/07/26,N/A,"Not Blocked", , ,towels,"Sandra Soria Frausto",N/A,N/A,No,"No Charge",Active,Occupied,21,"Maintenance App","Santana Angel"
41662814,"Gulf & Bay Bayside - 1272",,GBB,"08/06/26 03:01 pm","08/06/26 03:01 pm",08/06/26,N/A,"Not Blocked", , ,"queen comforter replacement","Gulf Coast Maintenance",N/A,N/A,No,Owner,Active,Checked-out/Clean,21,Management,"McNamara Heather"
41659618,"Bali Poolside",,"Northern Portfolio","08/06/26 11:59 am","08/07/26 09:51 am",,N/A,"Not Blocked", , ,"bedroom light",N/A,N/A,N/A,No,"No Charge",Active,Checked-out/Clean,21,"Maintenance App","Santana Angel"
41653443,"7th Heaven",,"Northern Portfolio","08/05/26 08:02 pm","08/05/26 08:02 pm",08/06/26,N/A,"Not Blocked", , ,"stains in couches","Carpet Cleaner's Near Me LLC",N/A,N/A,No,"No Charge",Active,Checked-out/Clean,22,Management,"McNamara Heather"
41646245,"Aloha House",,Seasonal,"08/05/26 05:08 pm","08/05/26 05:08 pm",08/05/26,N/A,"Not Blocked", , ,"multiple items from inspection","Gulf Coast Maintenance",N/A,N/A,No,"No Charge","Pending Final Closing",Checked-out/Clean,22,Management,"McNamara Heather"
41642247,"Palm Whisper Cottage",,"Central Portfolio","08/05/26 01:29 pm","08/05/26 05:39 pm",,N/A,"Not Blocked", , ,"primary bathroom","Gulf Coast Maintenance",N/A,N/A,No,"No Charge",Active,Checked-out/Clean,22,"Maintenance App","Santana Angel"
41640539,"Sun Dappled",,"Central Portfolio","08/05/26 11:57 am","08/05/26 11:57 am",08/05/26,N/A,"Not Blocked", , ,bugs,"Tropic Pest Control",N/A,N/A,No,"No Charge",Active,Reclean,22,Management,"McNamara Heather"
41638945,"Gulf & Bay Bayside - 1366",,GBB,"08/05/26 10:09 am","08/05/26 10:09 am",08/05/26,N/A,"Not Blocked", , ,"Additional linens","Gulf Coast Maintenance",N/A,N/A,No,"No Charge","Pending Final Closing",Occupied,22,Management,"McNamara Heather"
41638307,"Bali Poolside",,"Northern Portfolio","08/05/26 09:18 am","08/05/26 09:18 am",08/05/26,N/A,"Not Blocked", , ,"Pressure wash pool deck","Elephant Pro, Inc",N/A,N/A,No,"No Charge","Pending Final Closing",Checked-out/Clean,22,Management,"McNamara Heather"
41638032,"Dreams Of Paradise",,"Northern Portfolio","08/05/26 08:49 am","08/05/26 08:49 am",08/05/26,N/A,"Not Blocked", , ,"Debris in pool/ pool looking foggy","Splash Pros LLC",N/A,N/A,No,"No Charge",Active,"Pending Inspection",22,Management,"McNamara Heather"
41625772,"Tropical Gulf Retreat",,"Northern Portfolio","08/04/26 04:30 pm","08/04/26 04:30 pm",08/05/26,N/A,"Not Blocked", , ,"Elock inside closet","Gulf Coast Maintenance",N/A,N/A,No,"No Charge",Active,Checked-out/Clean,23,Management,"McNamara Heather"
41618971,"Villa Milano",,LUXURY,"08/04/26 10:49 am","08/04/26 10:49 am",08/04/26,N/A,"Not Blocked", , ,"Lanai fan","Gulf Coast Maintenance",N/A,N/A,No,"No Charge","Pending Final Closing",Occupied,23,Management,"McNamara Heather"
41618390,"Little Bit Of Heaven",,"Central Portfolio","08/04/26 10:21 am",,,N/A,"Not Blocked", , ,"primary bedroom",N/A,N/A,N/A,No,"No Charge",Pending,Checked-out/Clean,23,"Maintenance App","Santana Angel"
41618250,"Little Bit Of Heaven",,"Central Portfolio","08/04/26 10:09 am",,,N/A,"Not Blocked", , ,"reclean needed",N/A,N/A,N/A,No,"No Charge",Pending,Checked-out/Clean,23,"Maintenance App","Santana Angel"
41608891,"Sandalfoot 1B2",,Sandalfoot,"08/03/26 06:00 pm",,,N/A,"Not Blocked", , ,Couch,N/A,N/A,N/A,No,"No Charge",Pending,Checked-out/Clean,24,"Maintenance App","Urroz Cesar"
41605094,"Sandalfoot 4A1",,Sandalfoot,"08/03/26 04:57 pm",,,N/A,"Not Blocked", , ,"Left cupboard of microwave",N/A,N/A,N/A,No,"No Charge",Pending,Checked-out/Clean,24,"Maintenance App","Urroz Cesar"
41604148,"Sandalfoot 2C1",,Sandalfoot,"08/03/26 04:11 pm",,,N/A,"Not Blocked", , ,"Wall marks",N/A,N/A,N/A,No,"No Charge",Pending,Checked-out/Clean,24,"Maintenance App","Urroz Cesar"
41597335,"Sandalfoot 3C3",,Sandalfoot,"08/03/26 11:25 am","08/03/26 11:25 am",08/14/26,N/A,"Not Blocked", , ,"ceiling fan problem ?","Sandalfoot On-Site Maintenance",N/A,N/A,No,"No Charge",Pending,Checked-out/Clean,24,Management,"Garcia Kyle"
41590481,"Sandalfoot 3B3",,Sandalfoot,"08/02/26 06:51 pm","08/03/26 11:36 am",,N/A,"Not Blocked", , ,Bathroom,"Sandalfoot On-Site Maintenance",N/A,N/A,No,Owner,"Pending Final Closing",Occupied,25,"Maintenance App","Urroz Cesar"
41585753,"Sandalfoot 3A2",,Sandalfoot,"08/02/26 05:32 pm",,,N/A,"Not Blocked", , ,"Wall marks",N/A,N/A,N/A,No,"No Charge",Pending,Checked-out/Clean,25,"Maintenance App","Urroz Cesar"
41585305,"Sandalfoot 3C1",,Sandalfoot,"08/02/26 04:57 pm",,,N/A,"Not Blocked", , ,"Wall marks",N/A,N/A,N/A,No,"No Charge",Pending,Occupied,25,"Maintenance App","Urroz Cesar"
41583906,"Sandalfoot 4D1",,Sandalfoot,"08/02/26 03:16 pm",,,N/A,"Not Blocked", , ,"Wall Marks",N/A,N/A,N/A,No,"No Charge",Pending,Checked-out/Clean,25,"Maintenance App","Urroz Cesar"
41581111,"Signal Inn - Unit 18",,"Signal Inn","08/02/26 12:00 pm","08/19/26 09:40 am",,N/A,"Not Blocked", , ,"Missing TLC  tv remote upstairs. I checked drawers, under befs, etc.",N/A,N/A,N/A,No,Owner,"Pending Final Closing",Occupied,25,"Maintenance App","Johnson Michelle"
41570500,"Signal Inn - Unit 14",,"Signal Inn","08/01/26 04:42 pm","08/18/26 10:40 am",,N/A,"Not Blocked", , ,"door knob loose",N/A,N/A,N/A,No,Owner,Pending,Occupied,26,"Maintenance App","Johnson Michelle"
41570144,"Signal Inn - Unit 14",,"Signal Inn","08/01/26 04:27 pm",,,N/A,"Not Blocked", , ,"mold on caulk",N/A,N/A,N/A,No,"No Charge",Pending,Occupied,26,"Maintenance App","Johnson Michelle"
41569573,"Signal Inn - Unit 17",,"Signal Inn","08/01/26 03:50 pm",,,N/A,"Not Blocked", , ,"slider lock broke",N/A,N/A,N/A,No,"No Charge",Pending,Occupied,26,"Maintenance App","Johnson Michelle"
41564499,"Gulf & Bay Bayside - 1385",,GBB,"08/01/26 10:20 am","08/03/26 04:48 pm",,N/A,"Not Blocked", , ,"beach chairs",N/A,N/A,N/A,No,"No Charge",Active,Checked-out/Clean,26,"Maintenance App","Matthews Travis"
41563788,"Gulf & Bay Bayside - 1200",,GBB,"08/01/26 09:26 am",,,N/A,"Not Blocked", , ,"Master bathroom showerhead",N/A,N/A,N/A,No,"No Charge",Pending,Checked-out/Clean,26,"Maintenance App","Randall Cararese"
41563777,"Gulf & Bay Bayside - 1200",,GBB,"08/01/26 09:25 am",,,N/A,"Not Blocked", , ,"Master bathroom vent",N/A,N/A,N/A,No,"No Charge",Pending,Checked-out/Clean,26,"Maintenance App","Randall Cararese"
41549713,"Sandalfoot 1D1",,Sandalfoot,"07/31/26 05:03 pm",,,N/A,"Not Blocked", , ,"Wall marks",N/A,N/A,N/A,No,"No Charge",Pending,Occupied,27,"Maintenance App","Urroz Cesar"
41547306,"Sandalfoot 5B2",,Sandalfoot,"07/31/26 03:07 pm",,,N/A,"Not Blocked", , ,"Wall marks",N/A,N/A,N/A,No,"No Charge",Pending,Occupied,27,"Maintenance App","Urroz Cesar"
41545303,"Sandalfoot 4B3",,Sandalfoot,"07/31/26 01:37 pm",,,N/A,"Not Blocked", , ,"Wall(s) touch-up",N/A,N/A,N/A,No,"No Charge",Pending,Occupied,27,"Maintenance App","Urroz Cesar"
41527963,"Sandalfoot 1B1",,Sandalfoot,"07/30/26 03:58 pm",,,N/A,"Not Blocked", , ,Marks,N/A,N/A,N/A,No,"No Charge",Pending,Checked-out/Clean,28,"Maintenance App","Urroz Cesar"
41526017,"Gulf & Bay Bayside - 1366",,GBB,"07/30/26 02:15 pm","07/30/26 03:30 pm",,N/A,"Not Blocked", , ,doorbell,N/A,N/A,N/A,No,"No Charge",Active,Occupied,28,"Maintenance App","Santana Angel"
41526002,"Gulf & Bay Bayside - 1366",,GBB,"07/30/26 02:14 pm",,,N/A,"Not Blocked", , ,kitchen,N/A,N/A,N/A,No,"No Charge",Pending,Occupied,28,"Maintenance App","Santana Angel"
41525846,"Gulf & Bay Bayside - 1366",,GBB,"07/30/26 02:07 pm",,,N/A,"Not Blocked", , ,"Guest bedroom",N/A,N/A,N/A,No,"No Charge",Pending,Occupied,28,"Maintenance App","Santana Angel"
41525816,"Gulf & Bay Bayside - 1366",,GBB,"07/30/26 02:05 pm",,,N/A,"Not Blocked", , ,"Guest bedroom",N/A,N/A,N/A,No,"No Charge",Pending,Occupied,28,"Maintenance App","Santana Angel"
41525796,"Gulf & Bay Bayside - 1366",,GBB,"07/30/26 02:03 pm",,,N/A,"Not Blocked", , ,"Guest bedroom",N/A,N/A,N/A,No,"No Charge",Pending,Occupied,28,"Maintenance App","Santana Angel"
41525596,"Gulf & Bay Bayside - 1366",,GBB,"07/30/26 01:54 pm",,,N/A,"Not Blocked", , ,"Guest bathroom",N/A,N/A,N/A,No,"No Charge",Pending,Occupied,28,"Maintenance App","Santana Angel"
41525284,"Gulf & Bay Bayside - 1366",,GBB,"07/30/26 01:34 pm",,,N/A,"Not Blocked", , ,trash,N/A,N/A,N/A,No,"No Charge",Pending,Occupied,28,"Maintenance App","Santana Angel"
41523250,"Gulf & Bay Bayside - 1382",,GBB,"07/30/26 12:05 pm","07/30/26 02:48 pm",,N/A,"Not Blocked", , ,"Multiple items from inspection","Gulf Coast Maintenance",N/A,N/A,No,"No Charge",Active,Checked-out/Clean,28,"Maintenance App","Santana Angel"
41513799,"Sandalfoot 5D1",,Sandalfoot,"07/29/26 06:34 pm",,,N/A,"Not Blocked", , ,"Living room walls",N/A,N/A,N/A,No,"No Charge",Pending,Occupied,29,"Maintenance App","Urroz Cesar"
41505743,"Signal Inn - Unit 02",,"Signal Inn","07/29/26 02:43 pm","07/29/26 02:43 pm",07/29/26,N/A,"Not Blocked", , ,"2 pet fee added","Gulf Coast Vacation Rentals",N/A,N/A,Yes,"No Charge","Pending Final Closing",Checked-out/Clean,29,Management,"Consigna Vernice"
41505406,"Sandalfoot 2A2",,Sandalfoot,"07/29/26 02:24 pm",,,N/A,"Not Blocked", , ,"Guest bedroom",N/A,N/A,N/A,No,"No Charge",Pending,Checked-out/Clean,29,"Maintenance App","Urroz Cesar"
41502890,"Shaker Of Salt",,"Northern Portfolio","07/29/26 12:03 pm",,,N/A,"Not Blocked", , ,"pool towels",N/A,N/A,N/A,No,"No Charge",Pending,Occupied,29,"Maintenance App","Santana Angel"
41502233,"Gulf & Bay Bayside - 1343",,GBB,"07/29/26 11:36 am",,,N/A,"Not Blocked", , ,"living room",N/A,N/A,N/A,No,"No Charge",Pending,Checked-out/Clean,29,"Maintenance App","Randall Cararese"
41502208,"Gulf & Bay Bayside - 1343",,GBB,"07/29/26 11:34 am",,,N/A,"Not Blocked", , ,"Master bathroom and guest bathroom vents",N/A,N/A,N/A,No,"No Charge",Pending,Checked-out/Clean,29,"Maintenance App","Randall Cararese"
41502150,"Gulf & Bay Bayside - 1343",,GBB,"07/29/26 11:31 am",,,N/A,"Not Blocked", , ,"bathroom towel",N/A,N/A,N/A,No,"No Charge",Pending,Checked-out/Clean,29,"Maintenance App","Randall Cararese"
41502122,"Gulf & Bay Bayside - 1343",,GBB,"07/29/26 11:30 am",,,N/A,"Not Blocked", , ,"living room",N/A,N/A,N/A,No,"No Charge",Pending,Checked-out/Clean,29,"Maintenance App","Randall Cararese"
41502083,"Gulf & Bay Bayside - 1343",,GBB,"07/29/26 11:27 am",,,N/A,"Not Blocked", , ,kitchen,N/A,N/A,N/A,No,"No Charge",Pending,Checked-out/Clean,29,"Maintenance App","Randall Cararese"
41502040,"Gulf & Bay Bayside - 1343",,GBB,"07/29/26 11:23 am",,,N/A,"Not Blocked", , ,"guest book",N/A,N/A,N/A,No,"No Charge",Pending,Checked-out/Clean,29,"Maintenance App","Randall Cararese"
41500836,"Links & Leisure",,Venice,"07/29/26 10:02 am","07/29/26 10:02 am",07/29/26,N/A,"Not Blocked", , ,"Electric blinds","Gulf Coast Maintenance",N/A,N/A,No,"No Charge",Active,Occupied,29,Management,"McNamara Heather"
41500450,"Villa Milano",,LUXURY,"07/29/26 09:34 am","07/29/26 09:34 am",07/29/26,N/A,"Not Blocked", , ,"urgent safety inspection","Gulf Coast Maintenance",N/A,N/A,No,"No Charge","Pending Final Closing",Occupied,29,Management,"McNamara Heather"
41485811,"Gulf & Bay Bayside - 1350",,GBB,"07/28/26 02:41 pm",,,N/A,"Not Blocked", , ,"Master bathroom Sinks",N/A,N/A,N/A,No,"No Charge",Pending,Occupied,30,"Maintenance App","Randall Cararese"
41485700,"Beach House Residences Unit 1",,LUXURY,"07/28/26 02:32 pm","08/08/26 09:40 am",,N/A,"Not Blocked", , ,"bathrooms and window shade","Gulf Coast Maintenance",N/A,N/A,No,"No Charge",Active,Occupied,30,"Maintenance App","Matthews Travis"
41485655,"7th Heaven",,"Northern Portfolio","07/28/26 02:28 pm",,,N/A,"Not Blocked", , ,"Guest bathroom",N/A,N/A,N/A,No,"No Charge",Pending,Checked-out/Clean,30,"Maintenance App","Santana Angel"
41485616,"Beach House Residences Unit 1",,LUXURY,"07/28/26 02:26 pm",,,N/A,"Not Blocked", , ,bakcony,N/A,N/A,N/A,No,"No Charge",Pending,Occupied,30,"Maintenance App","Matthews Travis"
41485574,"7th Heaven",,"Northern Portfolio","07/28/26 02:24 pm",,,N/A,"Not Blocked", , ,"Half bath",N/A,N/A,N/A,No,"No Charge",Pending,Checked-out/Clean,30,"Maintenance App","Santana Angel"
41485555,"Beach House Residences Unit 1",,LUXURY,"07/28/26 02:22 pm",,,N/A,"Not Blocked", , ,"bedroom 3",N/A,N/A,N/A,No,"No Charge",Pending,Occupied,30,"Maintenance App","Matthews Travis"
41482568,"Gulf & Bay Bayside - 1230",,GBB,"07/28/26 12:05 pm",,,N/A,"Not Blocked", , ,"front porch  entry",N/A,N/A,N/A,No,"No Charge",Pending,Reclean,30,"Maintenance App","Randall Cararese"
41481279,"Florida Dreams",,"Northern Portfolio","07/28/26 11:08 am",,,N/A,"Not Blocked", , ,"dining room",N/A,N/A,N/A,No,"No Charge",Pending,Occupied,30,"Maintenance App","Santana Angel"
41479119,"Florida Dreams",,"Northern Portfolio","07/28/26 10:59 am",,,N/A,"Not Blocked", , ,"living room",N/A,N/A,N/A,No,"No Charge",Pending,Occupied,30,"Maintenance App","Santana Angel"
41479081,"Florida Dreams",,"Northern Portfolio","07/28/26 10:57 am",,,N/A,"Not Blocked", , ,"living room",N/A,N/A,N/A,No,"No Charge",Pending,Occupied,30,"Maintenance App","Santana Angel"
41478878,"Florida Dreams",,"Northern Portfolio","07/28/26 10:54 am",,,N/A,"Not Blocked", , ,"primary bathroom",N/A,N/A,N/A,No,"No Charge",Pending,Occupied,30,"Maintenance App","Santana Angel"
41478851,"Florida Dreams",,"Northern Portfolio","07/28/26 10:52 am",,,N/A,"Not Blocked", , ,"primary bathroom",N/A,N/A,N/A,No,"No Charge",Pending,Occupied,30,"Maintenance App","Santana Angel"
41478846,"Florida Dreams",,"Northern Portfolio","07/28/26 10:51 am",,,N/A,"Not Blocked", , ,"primary bathroom",N/A,N/A,N/A,No,"No Charge",Pending,Occupied,30,"Maintenance App","Santana Angel"
41478803,"Florida Dreams",,"Northern Portfolio","07/28/26 10:48 am",,,N/A,"Not Blocked", , ,"primary bedroom",N/A,N/A,N/A,No,"No Charge",Pending,Occupied,30,"Maintenance App","Santana Angel"
41478729,"Florida Dreams",,"Northern Portfolio","07/28/26 10:45 am",,,N/A,"Not Blocked", , ,"primary bedroom",N/A,N/A,N/A,No,"No Charge",Pending,Occupied,30,"Maintenance App","Santana Angel"
41464903,"Sandalfoot 1A2",,Sandalfoot,"07/27/26 04:03 pm","07/27/26 04:30 pm",07/28/26,N/A,"Not Blocked", , ,"Master bathroom toilet water is running","Sandalfoot On-Site Maintenance",N/A,N/A,No,Owner,"Pending Final Closing",Checked-out/Clean,31,"Maintenance App","Garcia Kyle"
41464713,"Sandalfoot 1A2",,Sandalfoot,"07/27/26 03:53 pm","07/27/26 03:53 pm",,N/A,"Not Blocked", , ,"Second bedroom TV won't play anything but turns on",N/A,N/A,N/A,No,"No Charge",Active,Checked-out/Clean,31,"Maintenance App","Garcia Kyle"
41425636,"Gulf & Bay Bayside - 1219",,GBB,"07/25/26 02:21 pm",,,N/A,"Not Blocked", , ,"living room",N/A,N/A,N/A,No,"No Charge",Pending,Checked-out/Clean,33,"Maintenance App","Randall Cararese"
41425577,"Gulf & Bay Bayside - 1219",,GBB,"07/25/26 02:17 pm",,,N/A,"Not Blocked", , ,"master bathroom",N/A,N/A,N/A,No,"No Charge",Pending,Checked-out/Clean,33,"Maintenance App","Randall Cararese"
41425439,"Gulf & Bay Bayside - 1219",,GBB,"07/25/26 02:12 pm",,,N/A,"Not Blocked", , ,"guest bathroom vent",N/A,N/A,N/A,No,"No Charge",Pending,Checked-out/Clean,33,"Maintenance App","Randall Cararese"
41424181,"Gulf & Bay Bayside - 1304",,GBB,"07/25/26 12:48 pm","08/07/26 02:11 pm",,N/A,"Not Blocked", , ,kitchen,N/A,N/A,N/A,No,"No Charge",Active,Occupied,33,"Maintenance App","Randall Cararese"
41424138,"Gulf & Bay Bayside - 1304",,GBB,"07/25/26 12:45 pm",,,N/A,"Not Blocked", , ,"Guest bedroom with the twin beds in it",N/A,N/A,N/A,No,"No Charge",Pending,Occupied,33,"Maintenance App","Randall Cararese"
41423154,"Gulf & Bay Bayside - 1346",,GBB,"07/25/26 11:37 am","08/18/26 07:56 am",,N/A,"Not Blocked", , ,kitchen,"Gulf Coast Maintenance",N/A,N/A,No,"No Charge",Active,Reclean,33,"Maintenance App","Randall Cararese"
41422805,"Gulf & Bay Bayside - 1346",,GBB,"07/25/26 11:18 am",,,N/A,"Not Blocked", , ,"Guest bathroom",N/A,N/A,N/A,No,"No Charge",Pending,Reclean,33,"Maintenance App","Randall Cararese"
41421599,"Gulf & Bay Bayside - 1340",,GBB,"07/25/26 09:52 am",,,N/A,"Not Blocked", , ,"lanai area, patio furniture cushions",N/A,N/A,N/A,No,"No Charge",Pending,Occupied,33,"Maintenance App","Randall Cararese"
41421585,"Gulf & Bay Bayside - 1340",,GBB,"07/25/26 09:50 am",,,N/A,"Not Blocked", , ,"The vent near the hallway and living room area",N/A,N/A,N/A,No,"No Charge",Pending,Occupied,33,"Maintenance App","Randall Cararese"
41421558,"Gulf & Bay Bayside - 1340",,GBB,"07/25/26 09:47 am",,,N/A,"Not Blocked", , ,"entry door",N/A,N/A,N/A,No,"No Charge",Pending,Occupied,33,"Maintenance App","Randall Cararese"
41421552,"Gulf & Bay Bayside - 1340",,GBB,"07/25/26 09:46 am",,,N/A,"Not Blocked", , ,"Master bedroom lampshade",N/A,N/A,N/A,No,"No Charge",Pending,Occupied,33,"Maintenance App","Randall Cararese"
41421538,"Gulf & Bay Bayside - 1340",,GBB,"07/25/26 09:45 am",,,N/A,"Not Blocked", , ,"Master bedroom and guest bedroom pillowcases",N/A,N/A,N/A,No,"No Charge",Pending,Occupied,33,"Maintenance App","Randall Cararese"
41421502,"Gulf & Bay Bayside - 1340",,GBB,"07/25/26 09:43 am",,,N/A,"Not Blocked", , ,"Master Bedroom",N/A,N/A,N/A,No,"No Charge",Pending,Occupied,33,"Maintenance App","Randall Cararese"
41421469,"Gulf & Bay Bayside - 1340",,GBB,"07/25/26 09:41 am",,,N/A,"Not Blocked", , ,"Guest bathroom",N/A,N/A,N/A,No,"No Charge",Pending,Occupied,33,"Maintenance App","Randall Cararese"
41421458,"Gulf & Bay Bayside - 1340",,GBB,"07/25/26 09:39 am",,,N/A,"Not Blocked", , ,filter,N/A,N/A,N/A,No,"No Charge",Pending,Occupied,33,"Maintenance App","Randall Cararese"
41421437,"Gulf & Bay Bayside - 1340",,GBB,"07/25/26 09:38 am",,,N/A,"Not Blocked", , ,"living room couches",N/A,N/A,N/A,No,"No Charge",Pending,Occupied,33,"Maintenance App","Randall Cararese"
41421425,"Gulf & Bay Bayside - 1340",,GBB,"07/25/26 09:37 am",,,N/A,"Not Blocked", , ,"The dining room table",N/A,N/A,N/A,No,"No Charge",Pending,Occupied,33,"Maintenance App","Randall Cararese"
41421412,"Gulf & Bay Bayside - 1340",,GBB,"07/25/26 09:36 am",,,N/A,"Not Blocked", , ,"The guest book",N/A,N/A,N/A,No,"No Charge",Pending,Occupied,33,"Maintenance App","Randall Cararese"
41421400,"Gulf & Bay Bayside - 1340",,GBB,"07/25/26 09:35 am",,,N/A,"Not Blocked", , ,"kitchen walls",N/A,N/A,N/A,No,"No Charge",Pending,Occupied,33,"Maintenance App","Randall Cararese"
41421384,"Gulf & Bay Bayside - 1340",,GBB,"07/25/26 09:33 am",,,N/A,"Not Blocked", , ,"kitchen dishes and towels",N/A,N/A,N/A,No,"No Charge",Pending,Occupied,33,"Maintenance App","Randall Cararese"
41421319,"Gulf & Bay Bayside - 1340",,GBB,"07/25/26 09:28 am",,,N/A,"Not Blocked", , ,"entry area",N/A,N/A,N/A,No,"No Charge",Pending,Occupied,33,"Maintenance App","Randall Cararese"
41406236,"Gulf & Bay Bayside - 1338",,GBB,"07/24/26 01:01 pm","07/24/26 05:33 pm",,N/A,"Not Blocked", , ,"The carpet throughout",N/A,N/A,N/A,No,"No Charge",Active,Checked-out/Clean,34,"Maintenance App","Randall Cararese"
41403064,"Sandalfoot 5A3",,Sandalfoot,"07/24/26 10:04 am","07/24/26 10:04 am",07/29/26,N/A,"Not Blocked", , ,"hot water heater",N/A,N/A,N/A,No,"No Charge",Active,Occupied,34,Management,"Yelenich Peyton"
41403055,"Sandalfoot 5B3",,Sandalfoot,"07/24/26 10:03 am","07/24/26 10:03 am",07/29/26,N/A,"Not Blocked", , ,"hot water heater","Sandalfoot Maintenance",N/A,N/A,No,"No Charge",Active,Occupied,34,Management,"Yelenich Peyton"
41403043,"Sandalfoot 5B2",,Sandalfoot,"07/24/26 10:02 am","07/24/26 10:02 am",07/29/26,N/A,"Not Blocked", , ,"hot water heater",N/A,N/A,N/A,No,"No Charge",Active,Occupied,34,Management,"Yelenich Peyton"
41383142,"Gulf & Bay Bayside - 1391",,GBB,"07/23/26 09:07 am","07/23/26 12:21 pm",,N/A,"Not Blocked", , ,"Master bathroom faucets",N/A,N/A,N/A,No,"No Charge",Active,Checked-out/Clean,35,"Maintenance App","Randall Cararese"
41364868,"Gulf & Bay Bayside - 1364",,GBB,"07/22/26 11:44 am",,,N/A,"Not Blocked", , ,kitchen,N/A,N/A,N/A,No,"No Charge",Pending,Checked-out/Clean,36,"Maintenance App","Randall Cararese"
41364778,"Gulf & Bay Bayside - 1364",,GBB,"07/22/26 11:43 am",,,N/A,"Not Blocked", , ,"living room rug",N/A,N/A,N/A,No,"No Charge",Pending,Checked-out/Clean,36,"Maintenance App","Randall Cararese"
41351738,"Tropical Gulf Retreat",,"Northern Portfolio","07/21/26 01:54 pm","07/21/26 01:54 pm",07/21/26,N/A,"Not Blocked", , ,"Front door not latching","Gulf Coast Maintenance",N/A,N/A,No,"No Charge","Pending Final Closing",Checked-out/Clean,37,Management,"McNamara Heather"
41351090,"Coastal Oasis",,"Northern Portfolio","07/21/26 01:23 pm",,,N/A,"Not Blocked", , ,"bedroom two",N/A,N/A,N/A,No,"No Charge",Pending,Occupied,37,"Maintenance App","Santana Angel"
41350828,"My Great Escape",,"Northern Portfolio","07/21/26 01:11 pm","08/09/26 09:40 am",07/21/26,N/A,"Not Blocked", , ,"Bathroom issues","Gulf Coast Maintenance",N/A,N/A,No,"No Charge","Pending Final Closing",Occupied,37,Management,"McNamara Heather"
41348422,"La Vida Loca",,"Central Portfolio","07/21/26 11:07 am",,,N/A,"Not Blocked", , ,"pool water level",N/A,N/A,N/A,No,"No Charge",Pending,Checked-out/Clean,37,"Maintenance App","Matthews Travis"
41348412,"La Vida Loca",,"Central Portfolio","07/21/26 11:06 am",,,N/A,"Not Blocked", , ,"pool rules sign",N/A,N/A,N/A,No,"No Charge",Pending,Checked-out/Clean,37,"Maintenance App","Matthews Travis"
41348318,"La Vida Loca",,"Central Portfolio","07/21/26 10:57 am",,,N/A,"Not Blocked", , ,"bedroom 1",N/A,N/A,N/A,No,"No Charge",Pending,Checked-out/Clean,37,"Maintenance App","Matthews Travis"
41348266,"La Vida Loca",,"Central Portfolio","07/21/26 10:54 am",,,N/A,"Not Blocked", , ,"bedroom 3",N/A,N/A,N/A,No,"No Charge",Pending,Checked-out/Clean,37,"Maintenance App","Matthews Travis"
41348248,"La Vida Loca",,"Central Portfolio","07/21/26 10:52 am",,,N/A,"Not Blocked", , ,"bedroom 3",N/A,N/A,N/A,No,"No Charge",Pending,Checked-out/Clean,37,"Maintenance App","Matthews Travis"
41348090,"La Vida Loca",,"Central Portfolio","07/21/26 10:50 am",,,N/A,"Not Blocked", , ,"bedroom 2",N/A,N/A,N/A,No,"No Charge",Pending,Checked-out/Clean,37,"Maintenance App","Matthews Travis"
41347195,"Sea Isles 8D",,"Sanibel Portfolio","07/21/26 09:54 am","07/21/26 09:54 am",07/23/26,N/A,"Not Blocked", , ,"Carpet Cleaning","Voda Cleaning & Restoration of Sarasota",N/A,N/A,No,Owner,Active,Checked-out/Clean,37,Management,"Banks Jen"
41310784,"Sandalfoot 1C3",,Sandalfoot,"07/19/26 02:15 pm",,,N/A,"Not Blocked", , ,"Dining room area light needs dusting",N/A,N/A,N/A,No,"No Charge",Pending,Checked-out/Clean,39,"Maintenance App","Johnson Michelle"
41295297,"YCBR 25 - 1 Bed / 1 Bath",,YCBR,"07/18/26 03:28 pm",,,N/A,"Not Blocked", , ,microwave,N/A,N/A,N/A,No,"No Charge",Pending,"Pending Inspection",40,"Maintenance App","Matthews Travis"
41295178,"YCBR 25 - 1 Bed / 1 Bath",,YCBR,"07/18/26 03:21 pm",,,N/A,"Not Blocked", , ,"front door",N/A,N/A,N/A,No,"No Charge",Pending,"Pending Inspection",40,"Maintenance App","Matthews Travis"
41291706,"Gulf & Bay Bayside - 1274",,GBB,"07/18/26 11:51 am","07/18/26 02:12 pm",,N/A,"Not Blocked", , ,"carpet throughout","America's Carpet Masters Services Corp.",N/A,N/A,No,"No Charge","Pending Final Closing",Occupied,40,"Maintenance App","Randall Cararese"
41291275,"Beach House Residences Unit 1",,LUXURY,"07/18/26 11:23 am","07/18/26 01:02 pm",,N/A,"Not Blocked", , ,"Faucet and AC filter","Gulf Coast Maintenance",N/A,N/A,No,"No Charge",Active,Occupied,40,"Maintenance App","Matthews Travis"
41275751,"Palm Garden",,Seasonal,"07/17/26 02:53 pm","07/18/26 09:27 am",,"07/17/26 04:30pm","Not Blocked", , ,"palm tree","T-Wreckz Junk Removal LLC",N/A,N/A,No,"No Charge",Pending,Dirty,41,"Maintenance App","Matthews Travis"
41239458,"Glorious Golfers",,Seasonal,"07/15/26 04:40 pm","07/15/26 04:40 pm",07/15/26,N/A,"Not Blocked", , ,"lynx lock","Gulf Coast Maintenance",N/A,N/A,No,"No Charge",Active,Checked-out/Clean,43,Management,"McNamara Heather"
41239448,"Coastal Links",,"Northern Portfolio","07/15/26 04:40 pm","07/15/26 04:40 pm",07/15/26,N/A,"Not Blocked", , ,"lynx lock","Gulf Coast Maintenance",N/A,N/A,No,"No Charge",Active,Checked-out/Clean,43,Management,"McNamara Heather"
41239372,"Beachbound Bliss",,Seasonal,"07/15/26 04:36 pm","07/15/26 04:36 pm",07/15/26,N/A,"Not Blocked", , ,"lynx lock","Gulf Coast Maintenance",N/A,N/A,No,"No Charge",Active,Checked-out/Clean,43,Management,"McNamara Heather"
41239332,Avalon,,"Central Portfolio","07/15/26 04:33 pm","07/15/26 04:33 pm",07/15/26,N/A,"Not Blocked", , ,"Lynx lock","Gulf Coast Maintenance",N/A,N/A,No,"No Charge",Active,Checked-out/Clean,43,Management,"McNamara Heather"
41229762,"zSunset Splash",,"Northern Portfolio","07/15/26 09:33 am","07/15/26 09:33 am",07/17/26,N/A,"Not Blocked", , ,"pick up ozone machine","Gulf Coast Maintenance",N/A,N/A,No,"No Charge",Active,Occupied,43,Management,"McNamara Heather"
41213528,"Sandalfoot 5D3",,Sandalfoot,"07/14/26 02:13 pm",,,N/A,"Not Blocked", , ,"no fire extinguisher",N/A,N/A,N/A,No,"No Charge",Pending,Occupied,44,"Maintenance App","Yelenich Peyton"
41192713,"Sandalfoot 2B2",,Sandalfoot,"07/13/26 03:09 pm","07/13/26 03:09 pm",07/13/26,N/A,"Not Blocked", , ,"new beach umbrella","Sandalfoot On-Site Maintenance",N/A,N/A,No,Owner,"Pending Final Closing",Occupied,45,Management,"Garcia Kyle"
41191465,"YCBR 02 - 1 Bed / 1 Bath",,YCBR,"07/13/26 02:05 pm","07/13/26 02:05 pm",07/13/26,N/A,"Not Blocked", , ,"Fan for Guest",N/A,N/A,N/A,No,Owner,Active,Occupied,45,Management,"Evans Beth"
41190579,"Sandy Pointe",,"Northern Portfolio","07/13/26 01:23 pm","07/13/26 01:23 pm",07/13/26,N/A,"Not Blocked", , ,"Mattress topper",N/A,N/A,N/A,No,Owner,Active,Occupied,45,Management,"Evans Beth"
41190110,"YCBR 02 - 1 Bed / 1 Bath",,YCBR,"07/13/26 12:53 pm","07/13/26 12:53 pm",07/13/26,N/A,"Not Blocked", , ,"Extension Cord",N/A,N/A,N/A,No,Owner,Active,Occupied,45,Management,"Evans Beth"
41155298,"Signal Inn - Unit 16",,"Signal Inn","07/11/26 03:18 pm",,,N/A,"Not Blocked", , ,"Tub needs caulking",N/A,N/A,N/A,No,"No Charge",Pending,Occupied,47,"Maintenance App","Johnson Michelle"
41151749,"7th Heaven",,"Northern Portfolio","07/11/26 11:16 am","07/11/26 11:54 am",,N/A,"Not Blocked", , ,insects,"Tropic Pest Control",N/A,N/A,No,"No Charge","Pending Final Closing",Checked-out/Clean,47,"Maintenance App","Randall Cararese"
41098920,"Shaker Of Salt",,"Northern Portfolio","07/10/26 10:04 pm","07/11/26 10:30 am",07/11/26,N/A,"Not Blocked", , ,"A/C Not Cooling","Aap Air, LLC",N/A,N/A,No,"No Charge","Pending Final Closing",Occupied,48,Management,"Consigna Vernice"
41030989,"Sandalfoot 2C2",,Sandalfoot,"07/08/26 11:46 am","07/08/26 11:46 am",07/11/26,N/A,"Not Blocked", , ,"curtain rod installation","Sandalfoot Maintenance",N/A,N/A,No,"No Charge",Active,Checked-out/Clean,50,Management,"Yelenich Peyton"
41012351,"Sandalfoot 2A3",,Sandalfoot,"07/07/26 02:17 pm","07/07/26 02:17 pm",07/07/26,N/A,"Not Blocked", , ,"bdc rates concern - refer to bdc","Gulf Coast Vacation Rentals",N/A,N/A,Yes,"No Charge",Active,Occupied,51,Management,"Consigna Vernice"
41008328,"Palm Whisper Cottage",,"Central Portfolio","07/07/26 10:46 am","07/09/26 12:35 pm",,N/A,"Not Blocked", , ,"ac filter","Gulf Coast Maintenance",N/A,N/A,No,"No Charge",Active,Checked-out/Clean,51,"Maintenance App","Matthews Travis"
40969760,"Signal Inn - Unit 12",,"Signal Inn","07/05/26 11:53 am",,,N/A,"Not Blocked", , ,"Slider lick broken",N/A,N/A,N/A,No,"No Charge",Pending,Occupied,53,"Maintenance App","Johnson Michelle"
40968972,"Sandalfoot 3B2",,Sandalfoot,"07/05/26 10:50 am",,,N/A,"Not Blocked", , ,"AC dashboard",N/A,N/A,N/A,No,"No Charge",Pending,Checked-out/Clean,53,"Maintenance App","Urroz Cesar"
40829841,"Signal Inn - Unit 01",,"Signal Inn","06/28/26 01:17 pm","07/09/26 09:41 am",,N/A,"Not Blocked", , ,"Left patio door lick broke - Rt door had no lock",N/A,N/A,N/A,No,"No Charge",Active,Checked-out/Clean,60,"Maintenance App","Johnson Michelle"
40796680,"Sandalfoot 4C3",,Sandalfoot,"06/26/26 02:59 pm",,,N/A,"Not Blocked", , ,"Corner lamp in living room",N/A,N/A,N/A,No,"No Charge",Pending,Checked-out/Clean,62,"Maintenance App","Urroz Cesar"
40760346,Avalon,,"Central Portfolio","06/24/26 07:36 pm","06/25/26 11:08 am",,N/A,"Not Blocked", , ,"Kitchen lamp","Gulf Coast Maintenance",N/A,N/A,No,"No Charge",Active,Checked-out/Clean,64,"Maintenance App","Cabrera Yuli"
40760325,Avalon,,"Central Portfolio","06/24/26 07:34 pm","06/25/26 12:11 pm",,N/A,"Not Blocked", , ,Pool,"Owner's Preferred vendor",N/A,N/A,No,"No Charge",Active,Checked-out/Clean,64,"Maintenance App","Cabrera Yuli"
40735081,"My Great Escape",,"Northern Portfolio","06/23/26 04:27 pm","06/23/26 04:27 pm",06/23/26,N/A,"Not Blocked", , ,ants,"Tropic Pest Control",N/A,N/A,No,"No Charge","Pending Final Closing",Occupied,65,Management,"McNamara Heather"
40636816,"Day Dreamer",,"Northern Portfolio","06/18/26 09:26 am","06/18/26 04:29 pm",,N/A,"Not Blocked", , ,filter,"Gulf Coast Maintenance",N/A,N/A,No,"No Charge",Active,Occupied,70,"Maintenance App","Randall Cararese"
40566254,"Signal Inn - Unit 07",,"Signal Inn","06/14/26 03:03 pm",,,N/A,"Not Blocked", , ,"Shower - needs Bleaching to get rid of mold on caulk.",N/A,N/A,N/A,No,"No Charge",Pending,Occupied,74,"Maintenance App","Johnson Michelle"
"40367131-1a3 toilet paper holder","Sandalfoot 1A3",,Sandalfoot,"06/04/26 12:25 pm","06/04/26 12:25 pm",06/04/26,N/A,"Not Blocked", , ,"1a3 toilet paper holder",N/A,N/A,N/A,No,"No Charge",Active,Occupied,84,Management,"Sperrazza Julianna"
40322199,"Sandy Pointe",,"Northern Portfolio","06/02/26 12:00 pm","06/05/26 01:44 pm",,N/A,"Not Blocked", , ,"patio furniture and pillows","Gulf Coast Maintenance",N/A,N/A,No,"No Charge",Active,Occupied,86,"Maintenance App","Randall Cararese"
40224427,"Sanibel Inn 513",,"Sanibel Portfolio","05/28/26 03:15 pm",,,N/A,"Not Blocked", , ,"Master bedroom",N/A,N/A,N/A,No,"No Charge",Pending,Dirty,91,"Maintenance App","Cabrera Yuli"
40223780,"Sandalfoot 5A1",,Sandalfoot,"05/28/26 02:43 pm",,,N/A,"Not Blocked", , ,kitchen,N/A,N/A,N/A,No,"No Charge",Pending,Occupied,91,"Maintenance App","Cabrera Yuli"
40204936,"Sandalfoot 4C2",,Sandalfoot,"05/27/26 03:51 pm",,,N/A,"Not Blocked", , ,Kitchen,N/A,N/A,N/A,No,"No Charge",Pending,Checked-out/Clean,92,"Maintenance App","Urroz Cesar"
40186062,"Sandpebble 4E",,"Sanibel Portfolio","05/26/26 04:48 pm",,,N/A,"Not Blocked", , ,Kitchen,N/A,N/A,N/A,No,"No Charge",Pending,Checked-out/Clean,93,"Maintenance App","Urroz Cesar"
40185973,"Sandpebble 4E",,"Sanibel Portfolio","05/26/26 04:42 pm",,,N/A,"Not Blocked", , ,"Guest bedrrom",N/A,N/A,N/A,No,"No Charge",Pending,Checked-out/Clean,93,"Maintenance App","Urroz Cesar"
40181705,"Turtle House",,Seasonal,"05/26/26 01:11 pm","05/26/26 04:10 pm",,N/A,"Not Blocked", , ,"insufficient bath towels","Gulf Coast Maintenance",N/A,N/A,No,"No Charge","Pending Final Closing",Occupied,93,"Maintenance App","Santana Angel"
40143412,"Signal Inn - Unit 08",,"Signal Inn","05/24/26 01:46 pm",,,N/A,"Not Blocked", , ,Bedroom,N/A,N/A,N/A,No,"No Charge",Pending,Occupied,95,"Maintenance App","Cabrera Yuli"
40128671,"Signal Inn - Unit 19",,"Signal Inn","05/23/26 02:18 pm",,,N/A,"Not Blocked", , ,Kitchen,N/A,N/A,N/A,No,"No Charge",Pending,Occupied,96,"Maintenance App","Cabrera Yuli"
40075446,"Sandalfoot 2B3",,Sandalfoot,"05/20/26 02:40 pm",,,N/A,"Not Blocked", , ,Kitchen,N/A,N/A,N/A,No,"No Charge",Pending,Occupied,99,"Maintenance App","Urroz Cesar"
40051058,"Sandalfoot 5C2",,Sandalfoot,"05/19/26 11:47 am","05/19/26 11:47 am",,N/A,"Not Blocked", , ,"Sandalfoot 5C2 Thermostat turning on and off","Sandalfoot Maintenance",N/A,N/A,No,Owner,Active,Occupied,100,Management,"Herrera Alain"
40013696,"Signal Inn - Unit 14",,"Signal Inn","05/17/26 02:07 pm","05/18/26 08:38 am",,N/A,"Not Blocked", , ,"mold on bottom floor shower",N/A,N/A,N/A,No,"No Charge",Active,Occupied,102,"Maintenance App","Johnson Michelle"
39942514,"Sandalfoot 5B1",,Sandalfoot,"05/14/26 01:44 pm","05/14/26 01:44 pm",,N/A,"Not Blocked", , ,"Sandalfoot 5B1 glass sliding door lock replaced","Sandalfoot Maintenance",N/A,N/A,No,Owner,Active,Occupied,105,Management,"Herrera Alain"
39940971,"Sandalfoot 2C2",,Sandalfoot,"05/14/26 12:22 pm",,,N/A,"Not Blocked", , ,Kitchen,N/A,N/A,N/A,No,"No Charge",Pending,Checked-out/Clean,105,"Maintenance App","Urroz Cesar"
39921180,"Sandalfoot 2B3",,Sandalfoot,"05/13/26 12:23 pm",,,N/A,"Not Blocked", , ,Kitchen,N/A,N/A,N/A,No,"No Charge",Pending,Occupied,106,"Maintenance App","Urroz Cesar"
39908596,"Sandpebble 4E",,"Sanibel Portfolio","05/12/26 05:40 pm",,,N/A,"Not Blocked", , ,Kitchen,N/A,N/A,N/A,No,"No Charge",Pending,Checked-out/Clean,107,"Maintenance App","Urroz Cesar"
39901077,"Sandalfoot 5D3",,Sandalfoot,"05/12/26 01:56 pm","05/12/26 01:56 pm",,N/A,"Not Blocked", , ,"Sandalfoot 5D3 Beach chair replacements","Sandalfoot Maintenance",N/A,N/A,No,Owner,Active,Occupied,107,Management,"Herrera Alain"
39897838,"Sandalfoot 2D2",,Sandalfoot,"05/12/26 10:42 am","05/12/26 10:42 am",,N/A,"Not Blocked", , ,"Sandalfoot 2D2 electrical track for ceiling fan fell","Sandalfoot Maintenance",N/A,N/A,No,Owner,Active,Occupied,107,Management,"Herrera Alain"
39754140,"18th Fairway",,"Sanibel Portfolio","05/04/26 04:31 pm","05/07/26 10:09 pm",,N/A,"Not Blocked", , ,"Downstairs entrance",N/A,N/A,N/A,No,"No Charge",Active,Checked-out/Clean,115,"Maintenance App","Cabrera Yuli"
39753799,"18th Fairway",,"Sanibel Portfolio","05/04/26 04:20 pm","05/07/26 10:10 pm",,N/A,"Not Blocked", , ,"living room",N/A,N/A,N/A,No,"No Charge",Active,Checked-out/Clean,115,"Maintenance App","Cabrera Yuli"
39752699,"Compass Point #163",,"Sanibel Portfolio","05/04/26 03:30 pm","05/07/26 10:10 pm",,N/A,"Not Blocked", , ,Wall,N/A,N/A,N/A,No,"No Charge",Active,Checked-out/Clean,115,"Maintenance App","Cabrera Yuli"
39751615,"Signal Inn - Unit 19",,"Signal Inn","05/04/26 02:44 pm","05/07/26 10:10 pm",,N/A,"Not Blocked", , ,Kitchen,N/A,N/A,N/A,No,"No Charge",Active,Occupied,115,"Maintenance App","Cabrera Yuli"
39751260,"Signal Inn - Unit 10",,"Signal Inn","05/04/26 02:28 pm","05/07/26 10:11 pm",,N/A,"Not Blocked", , ,"Shower curtain",N/A,N/A,N/A,No,"No Charge",Active,Occupied,115,"Maintenance App","Cabrera Yuli"
39714933,"Signal Inn - Unit 15",,"Signal Inn","05/02/26 11:31 am","05/07/26 10:12 pm",,N/A,"Not Blocked", , ,"2 doors off bottom cabinets in kitchen",N/A,N/A,N/A,No,"No Charge",Active,Checked-out/Clean,117,"Maintenance App","Johnson Michelle"
39558265,"Signal Inn - Unit 01",,"Signal Inn","04/24/26 01:59 pm","05/06/26 05:33 am",,N/A,"Not Blocked", , ,"both bedroom TVs",N/A,N/A,N/A,No,"No Charge",Active,Checked-out/Clean,125,"Maintenance App","Meathe Charlene"
39557429,"Signal Inn - Unit 09",,"Signal Inn","04/24/26 01:09 pm","05/06/26 05:33 am",,N/A,"Not Blocked", , ,"patio cushions",N/A,N/A,N/A,No,"No Charge",Active,Occupied,125,"Maintenance App","Meathe Charlene"
39557371,"Signal Inn - Unit 09",,"Signal Inn","04/24/26 01:07 pm","05/06/26 05:34 am",,N/A,"Not Blocked", , ,"living room couch and chair",N/A,N/A,N/A,No,"No Charge",Active,Occupied,125,"Maintenance App","Meathe Charlene"
39516279,"Sandalfoot 3B2",,Sandalfoot,"04/22/26 11:45 am","05/06/26 05:34 am",,N/A,"Not Blocked", , ,"bedroom main dresser",N/A,N/A,N/A,No,"No Charge",Active,Checked-out/Clean,127,"Maintenance App","Meathe Charlene"
39515848,"Sandalfoot 3B2",,Sandalfoot,"04/22/26 11:24 am","05/06/26 05:34 am",,N/A,"Not Blocked", , ,"fire extinguisher",N/A,N/A,N/A,No,"No Charge",Active,Checked-out/Clean,127,"Maintenance App","Meathe Charlene"
39514497,"Sandalfoot 4B3",,Sandalfoot,"04/22/26 10:06 am","05/06/26 05:34 am",,N/A,"Not Blocked", , ,"sandalfiot 4B3",N/A,N/A,N/A,No,"No Charge",Active,Occupied,127,"Maintenance App","Meathe Charlene"
39408155,"Bali Poolside",,"Northern Portfolio","04/16/26 03:07 pm","04/17/26 01:47 pm",04/16/26,N/A,"Not Blocked", , ,"Repair Door Knob","Gulf Coast - Fees",N/A,N/A,No,Owner,Active,Checked-out/Clean,133,Management,"Evans Beth"
"39318657-master closet off hinge","Sandalfoot 2D2",,Sandalfoot,"04/12/26 01:05 pm","04/12/26 01:05 pm",04/12/26,N/A,"Not Blocked", , ,"master closet off hinge","Sandalfoot Maintenance",N/A,N/A,No,"No Charge",Active,Occupied,137,Management,"Sperrazza Julianna"
39300749,"Sandalfoot 1A3",,Sandalfoot,"04/11/26 10:05 am","04/11/26 10:05 am",,N/A,"Not Blocked", , ,"Sandalfoot 1A3 Lock needs battery","Sandalfoot Maintenance",N/A,N/A,No,"No Charge",Active,Occupied,138,Management,"Rodriguez Angie"
39300727,"Sandalfoot 5D1",,Sandalfoot,"04/11/26 10:03 am","04/11/26 10:03 am",,N/A,"Not Blocked", , ,"Sandalfoot 5D1 Lock needs Battery","Sandalfoot Maintenance",N/A,N/A,No,"No Charge",Active,Occupied,138,Management,"Rodriguez Angie"
39260443,"Sandalfoot 1A1",,Sandalfoot,"04/09/26 03:06 pm","04/09/26 03:06 pm",04/09/26,N/A,"Not Blocked", , ,"Sandalfoot 1A1 kitchen drawer came off hinge","Sandalfoot Maintenance",N/A,N/A,No,Owner,Active,Reclean,140,Management,"Herrera Alain"
39164618,"Sandalfoot 4B1",,Sandalfoot,"04/04/26 03:38 pm","04/04/26 03:38 pm",,N/A,"Not Blocked", , ,"SandalFoot 4B1 Lock needs Battery- guest checks out 4/8","Sandalfoot Maintenance",N/A,N/A,No,"No Charge",Active,Occupied,145,Management,"Rodriguez Angie"
39159638,"Sandalfoot 5C1",,Sandalfoot,"04/04/26 10:31 am","04/04/26 10:31 am",,N/A,"Not Blocked", , ,"Sandalfoot 5C1 Shower draining slowly","Sandalfoot Maintenance",N/A,N/A,No,"No Charge",Active,Checked-out/Clean,145,Management,"Rodriguez Angie"
39139991,"Sandalfoot 1D1",,Sandalfoot,"04/03/26 09:40 am","04/03/26 09:40 am",,N/A,"Not Blocked", , ,"Sandalfoot 1D1 Lock needs Battery","Sandalfoot Maintenance",N/A,N/A,No,"No Charge",Active,Occupied,146,Management,"Rodriguez Angie"
39050551,"Sandalfoot 3A2",,Sandalfoot,"03/30/26 10:37 am","03/30/26 10:37 am",,N/A,"Not Blocked", , ,"Sandalfoot 3A2 Lamps","Sandalfoot Maintenance",N/A,N/A,No,Owner,Active,Checked-out/Clean,150,Management,"Rodriguez Angie"
38879331,"Sandalfoot 1B2",,Sandalfoot,"03/21/26 03:38 pm","03/21/26 03:38 pm",,N/A,"Not Blocked", , ,"Sandalfoot 1B2 missing grout in the bathroom floor tile cracked a little bit","Sandalfoot Maintenance",N/A,N/A,No,Owner,Active,Checked-out/Clean,159,Management,"Herrera Alain"
38385022,"Sandalfoot 4D1",,Sandalfoot,"02/24/26 02:32 pm","02/24/26 02:32 pm",,N/A,"Not Blocked", , ,"4D1 Cable box needs to be set up in all rooms","Sandalfoot Maintenance",N/A,N/A,No,Owner,Active,Checked-out/Clean,184,Management,"Herrera Alain"
38345888-blinds,"Sandalfoot 1A3",,Sandalfoot,"02/22/26 01:49 pm","05/07/26 10:12 pm",02/24/26,N/A,"Not Blocked", , ,blinds,"Sandalfoot Maintenance",N/A,N/A,No,"No Charge",Active,Occupied,186,Management,"Sperrazza Julianna"
38307659,"Sandalfoot 5D3",,Sandalfoot,"02/20/26 09:13 am","02/20/26 09:13 am",,N/A,"Not Blocked", , ,"SandalFoot 5D3 Front Door Lock needs to be Replaced","Sandalfoot Maintenance",N/A,N/A,No,Owner,Active,Occupied,188,Management,"Rodriguez Angie"
38235780,"Sandalfoot 4A2",,Sandalfoot,"02/16/26 01:03 pm","03/09/26 11:51 am",,N/A,"Not Blocked", , ,"sandalfoot 4A2 master bedroom sliding door handle came off","Sandalfoot Maintenance",N/A,N/A,No,Owner,Active,Checked-out/Clean,192,Management,"Herrera Alain"
41990139,"Shaker Of Salt",,"Northern Portfolio","08/24/26 03:53 pm",,,N/A,"Not Blocked", , ,"pool water cloudy and has algae",N/A,N/A,Critical,No,"No Charge",Pending,Occupied,3,"Maintenance App","Sierra Mesa Juan"
41989899,"Shaker Of Salt",,"Northern Portfolio","08/24/26 03:39 pm","08/25/26 09:02 am",,N/A,"Not Blocked", , ,"three comforters are stained","Gulf Coast Maintenance",N/A,Critical,No,"No Charge","Pending Final Closing",Occupied,3,"Maintenance App","Sierra Mesa Juan"
41983512,"Bali Poolside",,"Northern Portfolio","08/24/26 10:50 am","08/25/26 09:07 am",,N/A,"Not Blocked", , ,"metal colum rusted","Gulf Coast Maintenance",N/A,Critical,No,"No Charge","Pending Final Closing",Checked-out/Clean,3,"Maintenance App","Sierra Mesa Juan"
41969523,"Shaker Of Salt",,"Northern Portfolio","08/23/26 01:44 pm",,,N/A,"Not Blocked", , ,"dryer not working properly",N/A,N/A,Critical,No,"No Charge",Pending,Occupied,4,"Maintenance App","Sierra Mesa Juan"
41938320,"Aloha House",,Seasonal,"08/21/26 02:51 pm",,,N/A,"Not Blocked", , ,"blue chair is stained",N/A,N/A,Critical,No,"No Charge",Pending,Checked-out/Clean,6,"Maintenance App","Sierra Mesa Juan"
41938277,"Aloha House",,Seasonal,"08/21/26 02:47 pm",,,N/A,"Not Blocked", , ,"microwave is not functioning",N/A,N/A,Critical,No,"No Charge",Pending,Checked-out/Clean,6,"Maintenance App","Sierra Mesa Juan"
41879283,"Gulf & Bay Bayside - 1338",,GBB,"08/18/26 10:58 am","08/18/26 02:32 pm",,N/A,"Not Blocked", , ,"chair cushion stained",N/A,N/A,Critical,No,"No Charge",Active,Checked-out/Clean,9,"Maintenance App","Sierra Mesa Juan"
41859236,"Coastal Oasis",,"Northern Portfolio","08/17/26 10:41 am",,,N/A,"Not Blocked", , ,"dishwasher bottom full of water",N/A,N/A,Critical,No,"No Charge",Pending,Occupied,10,"Maintenance App","Sierra Mesa Juan"
41848098,"A Shore Thing",,Seasonal,"08/16/26 03:51 pm",,08/16/26,N/A,"Not Blocked", , ,"wasp nest",N/A,N/A,Critical,No,"No Charge",Pending,Occupied,11,"Maintenance App","Sierra Mesa Juan"
41847419,"A Shore Thing",,Seasonal,"08/16/26 02:57 pm",,,N/A,"Not Blocked", , ,trash,N/A,N/A,Critical,No,"No Charge",Pending,Occupied,11,"Maintenance App","Sierra Mesa Juan"
41844689,"Beach House Residences Unit 1",,LUXURY,"08/16/26 11:59 am",,,N/A,"Not Blocked", , ,"bathtub hand spray is missing head",N/A,N/A,Critical,No,"No Charge",Pending,Occupied,11,"Maintenance App","Sierra Mesa Juan"
41843122,"Edgewater Bungalow",,"Northern Portfolio","08/16/26 09:43 am",,,N/A,"Not Blocked", , ,trash,N/A,N/A,Critical,No,"No Charge",Pending,Checked-out/Clean,11,"Maintenance App","Sierra Mesa Juan"
41828598,"Golfers Grove",,"Northern Portfolio","08/15/26 10:07 am",,,N/A,"Not Blocked", , ,"fire extinguisher",N/A,N/A,Critical,No,"No Charge",Pending,Checked-out/Clean,12,"Maintenance App","Sierra Mesa Juan"
41812122,"Gulf & Bay Bayside - 1304",,GBB,"08/14/26 11:20 am","08/15/26 11:54 am",,N/A,"Not Blocked", , ,"ac second floor","Global Air Conditioning, Inc.",N/A,Critical,No,"No Charge",Active,Occupied,13,"Maintenance App","Sierra Mesa Juan"
41756318,"Southern Exposure",,"Northern Portfolio","08/11/26 12:44 pm",,,N/A,"Not Blocked", , ,"couch back cushion stained",N/A,N/A,Critical,No,"No Charge",Pending,Occupied,16,"Maintenance App","Sierra Mesa Juan"
41755988,"Southern Exposure",,"Northern Portfolio","08/11/26 12:25 pm","08/11/26 05:58 pm",,N/A,"Not Blocked", , ,trash,"T-Wreckz Junk Removal LLC",N/A,Critical,No,"No Charge",Active,Occupied,16,"Maintenance App","Sierra Mesa Juan"
41754752,"Southern Comfort",,"Northern Portfolio","08/11/26 11:11 am",,,N/A,"Not Blocked", , ,"linen stained",N/A,N/A,Critical,No,"No Charge",Pending,Checked-out/Clean,16,"Maintenance App","Sierra Mesa Juan"
41735026,Birdie,,LUXURY,"08/10/26 10:50 am","08/10/26 01:19 pm",,N/A,"Not Blocked", , ,"no pool rules sign/Towel rack/Cabinet door knob","Gulf Coast Maintenance",N/A,Critical,No,"No Charge",Active,Checked-out/Clean,17,"Maintenance App","Sierra Mesa Juan"
41719769,"Ocean Eyes",,LUXURY,"08/09/26 02:04 pm","08/09/26 03:24 pm",,N/A,"Not Blocked", , ,"foot rest cover stained",N/A,N/A,Critical,No,"No Charge",Active,Occupied,18,"Maintenance App","Sierra Mesa Juan"
41719700,"Ocean Eyes",,LUXURY,"08/09/26 02:00 pm","08/09/26 03:24 pm",,N/A,"Not Blocked", , ,"couch cushion stained",N/A,N/A,Critical,No,"No Charge",Active,Occupied,18,"Maintenance App","Sierra Mesa Juan"
41717675,"Gulf & Bay Bayside - 1241",,GBB,"08/09/26 11:24 am","08/09/26 03:32 pm",,N/A,"Not Blocked", , ,"the leg rest in the master bedroom stained",N/A,N/A,Critical,No,"No Charge",Active,Checked-out/Clean,18,"Maintenance App","Sierra Mesa Juan"
41717623,"Signal Inn - Unit 03",,"Signal Inn","08/09/26 11:20 am","08/26/26 02:43 pm",08/28/26,N/A,"Not Blocked", , ,"Ceiling & bathtub.",N/A,N/A,Critical,No,"No Charge",Active,Checked-out/Clean,18,"Maintenance App","Urroz Cesar"
41682600,"The Boat House",,"Central Portfolio","08/07/26 02:10 pm","08/07/26 03:00 pm",,N/A,"Not Blocked", , ,"Multiple items from inspection","Gulf Coast Maintenance",N/A,Critical,No,"No Charge","Pending Final Closing",Checked-out/Clean,20,"Maintenance App","Sierra Mesa Juan"
41665085,"Coastal Oasis",,"Northern Portfolio","08/06/26 04:46 pm","08/06/26 04:46 pm",08/07/26,N/A,"Not Blocked", , ,"gutter clean, pressure wash the pool cage and the deck","Elephant Pro, Inc",N/A,Critical,No,"No Charge","Pending Final Closing",Occupied,21,Management,"Lizada John"
41622723,"Gulf & Bay Bayside - 1219",,GBB,"08/04/26 01:57 pm","08/04/26 03:57 pm",,N/A,"Not Blocked", , ,"handle on kitchen drawer broken","Gulf Coast Maintenance",N/A,Critical,No,"No Charge","Pending Final Closing",Checked-out/Clean,23,"Maintenance App","Sierra Mesa Juan"
41602832,"Gulf & Bay Bayside - 1304",,GBB,"08/03/26 03:10 pm",,,N/A,"Not Blocked", , ,"chair upstairs ripped",N/A,N/A,Critical,No,"No Charge",Pending,Occupied,24,"Maintenance App","Sierra Mesa Juan"
41602766,"Gulf & Bay Bayside - 1304",,GBB,"08/03/26 03:07 pm","08/04/26 01:02 pm",,N/A,"Not Blocked", , ,"blue arm chair dirty","Carpet Cleaner's Near Me LLC",N/A,Critical,No,"No Charge",Active,Occupied,24,"Maintenance App","Sierra Mesa Juan"
41583425,"Gulf & Bay Bayside - 1272",,GBB,"08/02/26 02:50 pm","08/02/26 04:44 pm",,N/A,"Not Blocked", , ,"leather couch has stains on headrest",N/A,N/A,Critical,No,"No Charge",Active,Checked-out/Clean,25,"Maintenance App","Sierra Mesa Juan"
41582007,"Turtle House",,Seasonal,"08/02/26 01:10 pm","08/02/26 05:03 pm",,N/A,"Not Blocked", , ,"couch armrest and carpet by the fron door","America's Carpet Masters Services Corp.",N/A,Critical,No,"No Charge",Active,Occupied,25,"Maintenance App","Sierra Mesa Juan"
41567620,"zSugar Beach",,"Northern Portfolio","08/01/26 01:54 pm","08/03/26 04:59 pm",,N/A,"Not Blocked", , ,trash,"T-Wreckz Junk Removal LLC",N/A,Critical,No,"No Charge",Active,Occupied,26,"Maintenance App","Sierra Mesa Juan"
41565694,"7th Heaven",,"Northern Portfolio","08/01/26 11:47 am",,,N/A,"Not Blocked", , ,"couch in guest bedroom stained",N/A,N/A,Critical,No,"No Charge",Pending,Checked-out/Clean,26,"Maintenance App","Sierra Mesa Juan"
41565588,"7th Heaven",,"Northern Portfolio","08/01/26 11:42 am",,,N/A,"Not Blocked", , ,"chair cushion stained",N/A,N/A,Critical,No,"No Charge",Pending,Checked-out/Clean,26,"Maintenance App","Sierra Mesa Juan"
41543340,"My Great Escape",,"Northern Portfolio","07/31/26 12:30 pm",,,N/A,"Not Blocked", , ,"couch in family dirty",N/A,N/A,Critical,No,"No Charge",Pending,Occupied,27,"Maintenance App","Sierra Mesa Juan"
41540171,"zSunset Splash",,"Northern Portfolio","07/31/26 09:41 am","07/31/26 09:41 am",07/31/26,N/A,"Not Blocked", , ,"AC not working","Aap Air, LLC",N/A,Critical,No,"No Charge","Pending Final Closing",Occupied,27,Management,"Lizada John"
41484544,"Aloha House",,Seasonal,"07/28/26 01:28 pm",,,N/A,"Not Blocked", , ,"blue chair dirty",N/A,N/A,Critical,No,"No Charge",Pending,Checked-out/Clean,30,"Maintenance App","Sierra Mesa Juan"
41477943,"The White Pearl",,Seasonal,"07/28/26 09:53 am",,,N/A,"Not Blocked", , ,"couch cover dirty or stained",N/A,N/A,Critical,No,"No Charge",Pending,Checked-out/Clean,30,"Maintenance App","Sierra Mesa Juan"
41348826,"Beachbound Bliss",,Seasonal,"07/21/26 11:24 am",,,N/A,"Not Blocked", , ,wifi,N/A,N/A,Critical,No,"No Charge",Pending,Checked-out/Clean,37,"Maintenance App","Sierra Mesa Juan"
41309291,"My Great Escape",,"Northern Portfolio","07/19/26 12:39 pm","07/19/26 12:39 pm",07/20/26,N/A,"Not Blocked", , ,"Refrigerator issue","Alpha Appliance Solutions LLC",N/A,Critical,No,Owner,"Pending Final Closing",Occupied,39,Management,"Lizada John"
41173892,"Dreams Of Paradise",,"Northern Portfolio","07/12/26 04:12 pm","07/12/26 04:12 pm",07/13/26,N/A,"Not Blocked", , ,"Fridge is leaking","Alpha Appliance Solutions LLC",N/A,Critical,No,"No Charge","Pending Final Closing","Pending Inspection",46,Management,"Lizada John"
41076931,"Beach House Residences Unit 1",,LUXURY,"07/10/26 11:02 am","07/10/26 11:02 am",07/10/26,N/A,"Not Blocked", , ,"Electrical Issue","Twyn Electric, LLC",N/A,Critical,No,"No Charge","Pending Final Closing",Occupied,48,Management,"Lizada John"
40973125,"Ospreys Nest",,Seasonal,"07/05/26 03:19 pm","07/05/26 03:20 pm",07/06/26,N/A,"Not Blocked", , ,"Couch cleaning","Carpet Cleaner's Near Me LLC",N/A,Critical,No,"No Charge","Pending Final Closing",Checked-out/Clean,53,Management,"Lizada John"
40941992,"Sunnyside Up",,"Northern Portfolio","07/03/26 01:30 pm","07/03/26 01:30 pm",,N/A,"Not Blocked", , ,"Remove livingroom rugs","Gulf Coast Maintenance",N/A,Critical,No,"No Charge",Active,Occupied,55,Management,"Lizada John"
40839599,"Southern Exposure",,"Northern Portfolio","06/28/26 07:57 pm","06/28/26 07:57 pm",06/28/26,N/A,"Not Blocked", , ,"AC not working properly","Aap Air, LLC",N/A,Critical,Yes,"No Charge","Pending Final Closing",Occupied,60,Management,"Omasdang Margel"
40751343,"Once Upon A Tide",,Seasonal,"06/24/26 01:43 pm",,,N/A,"Not Blocked", , ,"Guest bathroom shower handle",N/A,N/A,Critical,No,"No Charge",Pending,Occupied,64,"Maintenance App","Monteforte Gavin"
40691736,Birdie,,LUXURY,"06/21/26 12:47 pm","06/21/26 12:47 pm",06/22/26,N/A,"Not Blocked", , ,"Clean the garbage bins","Gulf Coast Maintenance",N/A,Critical,No,"No Charge","Pending Final Closing",Checked-out/Clean,67,Management,"Lizada John"
38464172,"Signal Inn - Unit 19",,"Signal Inn","02/28/26 09:15 am","02/28/26 09:15 am",02/28/26,N/A,"Not Blocked", , ,"oven malfunctioning","Gulf Coast Maintenance",N/A,Critical,No,"No Charge",Active,Occupied,180,Management,"Yelenich Peyton"
41901194,"Signal Inn - Unit 07",,"Signal Inn","08/19/26 01:18 pm",,,N/A,"Not Blocked", , ,"multiple issues",N/A,N/A,"Maintenance Tasks",Yes,"No Charge",Pending,Occupied,8,"Maintenance App","Ventura Nikolas"
41759856,"Signal Inn - Unit 17",,"Signal Inn","08/11/26 02:35 pm",,,N/A,"Not Blocked", , ,"Upstairs Bathroom",N/A,N/A,"Maintenance Tasks",Yes,"No Charge",Pending,Occupied,16,"Maintenance App","Ventura Nikolas"
41458260,"Cyprina Beach #10",,"Sanibel Portfolio","07/27/26 10:57 am","07/27/26 10:57 am",08/01/26,N/A,"Not Blocked", , ,"Replace sliding glass door handle","Gulf Coast Maintenance",N/A,"Maintenance Tasks",No,Owner,"Pending Final Closing",Occupied,31,Management,"Banks Jen"
41425021,"Signal Inn - Unit 03",,"Signal Inn","07/25/26 01:45 pm","07/25/26 01:45 pm",,N/A,"Not Blocked", , ,"ceiling vent needs cleaning",N/A,N/A,"Maintenance Tasks",No,"No Charge",Active,Checked-out/Clean,33,"Maintenance App","McCartney Michelle"
41385776,"Signal Inn - Unit 17",,"Signal Inn","07/23/26 12:06 pm",,,N/A,"Not Blocked", , ,"Signal Inn 17 Blinds",N/A,N/A,"Maintenance Tasks",No,"No Charge",Pending,Occupied,35,Management,"Ventura Nikolas"
41326405,"Horizon Oasis",,"Sanibel Portfolio","07/20/26 09:50 am","07/20/26 09:50 am",07/21/26,N/A,"Not Blocked", , ,"AC not working","Sunset Air & Home Services, Inc.",N/A,"Maintenance Tasks",No,"No Charge",Active,Occupied,38,Management,"Banks Jen"
41053807,"Sandalfoot 2B3",,Sandalfoot,"07/09/26 12:55 pm","07/09/26 12:55 pm",07/09/26,N/A,"Not Blocked", , ,Amenities,"Gulf Coast Vacation Rentals",N/A,"Maintenance Tasks",Yes,"No Charge",Active,Occupied,49,Management,"Maboloc Yannah"
41008737,"Sandalfoot 4C2",,Sandalfoot,"07/07/26 11:07 am","07/07/26 11:07 am",07/07/26,N/A,"Not Blocked", , ,CI,"Gulf Coast Vacation Rentals",N/A,"Maintenance Tasks",Yes,"No Charge",Active,Checked-out/Clean,51,Management,"Maboloc Yannah"
40868999,"Sandalfoot 4C3",,Sandalfoot,"06/30/26 08:57 am","06/30/26 08:57 am",06/30/26,N/A,"Not Blocked", , ,"Ice maker","Gulf Coast Vacation Rentals",N/A,"Maintenance Tasks",Yes,"No Charge",Active,Checked-out/Clean,58,Management,"Maboloc Yannah"
40766857,"Sandalfoot 3A2",,Sandalfoot,"06/25/26 10:31 am","06/25/26 10:31 am",06/25/26,N/A,"Not Blocked", , ,"enjoying their stay","Gulf Coast Vacation Rentals",N/A,"Maintenance Tasks",Yes,"No Charge",Active,Checked-out/Clean,63,Management,"Maboloc Yannah"
40546382,"Dolphins Reach",,"Sanibel Portfolio","06/13/26 10:08 am","06/13/26 10:08 am",06/16/26,N/A,"Not Blocked", , ,"No hot Water","Gulf Coast Maintenance",N/A,"Maintenance Tasks",No,"No Charge",Active,Checked-out/Clean,75,Management,"Banks Jen"
40489028,"Signal Inn - Unit 16",,"Signal Inn","06/10/26 08:18 am","06/10/26 08:18 am",06/10/26,N/A,"Not Blocked", , ,"Informed about CI","Gulf Coast Vacation Rentals",N/A,"Maintenance Tasks",Yes,"No Charge",Active,Occupied,78,Management,"Maboloc Yannah"
40363912,"Signal Inn - Unit 05",,"Signal Inn","06/04/26 08:16 am","06/04/26 08:16 am",06/04/26,N/A,"Not Blocked", , ,"Informed about b2b","Gulf Coast Vacation Rentals",N/A,"Maintenance Tasks",Yes,"No Charge",Active,Occupied,84,Management,"Maboloc Yannah"
39906022,"Sandpebble 4E",,"Sanibel Portfolio","05/12/26 05:27 pm",,,N/A,"Not Blocked", , ,"TV guest bedroom.",N/A,N/A,"Maintenance Tasks",No,"No Charge",Pending,Checked-out/Clean,107,"Maintenance App","Urroz Cesar"
39832324,"Breakers West C3",,"Sanibel Portfolio","05/08/26 12:10 pm",,,N/A,"Not Blocked", , ,"Toilet Paper Holder",N/A,N/A,"Maintenance Tasks",No,"No Charge",Pending,Occupied,111,"Maintenance App","Urroz Cesar"
41955321,"zSunset Splash",,"Northern Portfolio","08/22/26 03:08 pm",,,N/A,"Not Blocked", , ,spiderwebs,N/A,N/A,Medium,No,"No Charge",Pending,Occupied,5,"Maintenance App","Sierra Mesa Juan"
41951136,"Blue Dolphin",,"Northern Portfolio","08/22/26 11:04 am","08/22/26 11:12 am",,N/A,"Not Blocked", , ,"air filter","Gulf Coast Maintenance",N/A,Medium,No,"No Charge",Active,Checked-out/Clean,5,"Maintenance App","Sierra Mesa Juan"
41883724,"Gulf & Bay Bayside - 1326",,GBB,"08/18/26 02:45 pm",,,N/A,"Not Blocked", , ,"marks on the walls by dining table",N/A,N/A,Medium,No,"No Charge",Pending,Checked-out/Clean,9,"Maintenance App","Sierra Mesa Juan"
41863912,"Gulf & Bay Bayside - 1350",,GBB,"08/17/26 02:26 pm","08/18/26 08:09 am",08/18/26,N/A,"Not Blocked", , ,"multiple items from inspection","Gulf Coast Maintenance",N/A,Medium,No,"No Charge","Pending Final Closing",Occupied,10,"Maintenance App","Sierra Mesa Juan"
41859620,"Coastal Oasis",,"Northern Portfolio","08/17/26 11:04 am",,,N/A,"Not Blocked", , ,spiderwebs,N/A,N/A,Medium,No,"No Charge",Pending,Occupied,10,"Maintenance App","Sierra Mesa Juan"
41843280,"Edgewater Bungalow",,"Northern Portfolio","08/16/26 09:50 am",,,N/A,"Not Blocked", , ,"floor feels sticky",N/A,N/A,Medium,No,"No Charge",Pending,Checked-out/Clean,11,"Maintenance App","Sierra Mesa Juan"
41834075,"Florida Dreams",,"Northern Portfolio","08/15/26 03:58 pm","08/17/26 10:15 am",,N/A,"Not Blocked", , ,"towel bar guest bathroom","Gulf Coast Maintenance",N/A,Medium,No,"No Charge","Pending Final Closing",Occupied,12,"Maintenance App","Sierra Mesa Juan"
41832100,"Dreams Of Paradise",,"Northern Portfolio","08/15/26 01:39 pm","08/17/26 08:54 am",,N/A,"Not Blocked", , ,"towel bar in shared bathroom loose",N/A,N/A,Medium,No,"No Charge",Active,"Pending Inspection",12,"Maintenance App","Sierra Mesa Juan"
41812723,"Gulf & Bay Bayside - 1304",,GBB,"08/14/26 11:52 am","08/15/26 08:30 am",,N/A,"Not Blocked", , ,"fire extinguisher","Gulf Coast Maintenance",N/A,Medium,No,"No Charge",Active,Occupied,13,"Maintenance App","Sierra Mesa Juan"
41753654,"Aloha House",,Seasonal,"08/11/26 09:58 am","08/11/26 09:58 am",,N/A,"Not Blocked", , ,"Router extension wire","Gulf Coast Maintenance",N/A,Medium,No,"No Charge",Active,Checked-out/Clean,16,Management,"Grajeda Raymundo"
41699692,"7th Heaven",,"Northern Portfolio","08/08/26 01:43 pm","08/08/26 01:43 pm",08/08/26,N/A,"Not Blocked", , ,Trash,"T-Wreckz Junk Removal LLC",N/A,Medium,No,"No Charge",Active,Checked-out/Clean,19,Management,"Lizada John"
41683318,"Florida Oasis",,"Northern Portfolio","08/07/26 02:51 pm","08/07/26 02:51 pm",08/08/26,N/A,"Not Blocked", , ,"Assesing lynx lock","Gulf Coast Maintenance",N/A,Medium,No,"No Charge",Active,Checked-out/Clean,20,Management,"McNamara Heather"
41665361,"Coastal Oasis",,"Northern Portfolio","08/06/26 05:03 pm","08/06/26 05:03 pm",08/07/26,N/A,"Not Blocked", , ,spiderwebs,"Tropic Pest Control",N/A,Medium,No,"No Charge","Pending Final Closing",Occupied,21,Management,"Lizada John"
41664360,"Signal Inn - Unit 03",,"Signal Inn","08/06/26 04:12 pm",,,N/A,"Not Blocked", , ,"bathroom ceiling",N/A,N/A,Medium,No,"No Charge",Pending,Checked-out/Clean,21,"Maintenance App","Ventura Nikolas"
41657480,"Paraclete Paradise",,"Central Portfolio","08/06/26 09:25 am","08/06/26 09:25 am",08/07/26,N/A,"Not Blocked", , ,"pool cage screen","Gulf Coast Maintenance",N/A,Medium,No,"No Charge","Pending Final Closing",Occupied,21,Management,"Lizada John"
41620444,"Ocean Eyes",,LUXURY,"08/04/26 12:08 pm","08/09/26 02:46 pm",,N/A,"Not Blocked", , ,"dining chair tear",N/A,N/A,Medium,No,"No Charge",Active,Occupied,23,"Maintenance App","Sierra Mesa Juan"
41604619,"Gulf & Bay Bayside - 1366",,GBB,"08/03/26 04:33 pm",,,N/A,"Not Blocked", , ,linens,N/A,N/A,Medium,No,"No Charge",Pending,Occupied,24,"Maintenance App","Sierra Mesa Juan"
41601778,"Sandalfoot 3D1",,Sandalfoot,"08/03/26 02:21 pm",,,N/A,"Not Blocked", , ,"drain plug disconnected from tub in guest bathroom",N/A,N/A,Medium,No,"No Charge",Pending,Occupied,24,"Maintenance App","Garcia Kyle"
41601014,"Rising Tide",,"Central Portfolio","08/03/26 01:45 pm","08/03/26 01:45 pm",,N/A,"Not Blocked", , ,"Need quote for window repair","Chilango enterprise LLC",N/A,Medium,No,"No Charge",Active,Occupied,24,Management,"Lizada John"
41568797,"Bayside Paradise",,"Northern Portfolio","08/01/26 03:08 pm","08/02/26 03:05 pm",,N/A,"Not Blocked", , ,"blue chairs stained","Carpet Cleaner's Near Me LLC",N/A,Medium,No,"No Charge",Active,Occupied,26,"Maintenance App","Sierra Mesa Juan"
41566590,"Southern Exposure",,"Northern Portfolio","08/01/26 12:45 pm","08/15/26 09:01 am",,"08/02/26 01:15pm","Not Blocked", , ,"exterior windows","Elephant Pro, Inc",N/A,Medium,No,"No Charge",Active,Occupied,26,"Maintenance App","Sierra Mesa Juan"
41566175,"7th Heaven",,"Northern Portfolio","08/01/26 12:22 pm","08/01/26 12:22 pm",08/01/26,N/A,"Not Blocked", , ,"Trash Pickup – 5812 7th Avenue Northwest Bradenton (Overflowing Trash Bin)","T-Wreckz Junk Removal LLC",N/A,Medium,No,"No Charge","Pending Final Closing",Checked-out/Clean,26,Management,"Eronico Maxine"
41566131,"7th Heaven",,"Northern Portfolio","08/01/26 12:20 pm",,,N/A,"Not Blocked", , ,"exterior couch stained",N/A,N/A,Medium,No,"No Charge",Pending,Checked-out/Clean,26,"Maintenance App","Sierra Mesa Juan"
41565973,"7th Heaven",,"Northern Portfolio","08/01/26 12:10 pm","08/03/26 11:16 am",,N/A,"Not Blocked", , ,"towel bar master bathroom and pool gate",N/A,N/A,Medium,No,"No Charge",Active,Checked-out/Clean,26,"Maintenance App","Sierra Mesa Juan"
41565716,"7th Heaven",,"Northern Portfolio","08/01/26 11:50 am",,,N/A,"Not Blocked", , ,"couch in family room stained",N/A,N/A,Medium,No,"No Charge",Pending,Checked-out/Clean,26,"Maintenance App","Sierra Mesa Juan"
41545572,"My Great Escape",,"Northern Portfolio","07/31/26 01:42 pm","08/06/26 02:04 pm",,N/A,"Not Blocked", , ,"holes in pool cage","Elephant Pro, Inc",N/A,Medium,No,"No Charge","Pending Final Closing",Occupied,27,"Maintenance App","Sierra Mesa Juan"
41545286,"My Great Escape",,"Northern Portfolio","07/31/26 01:36 pm","07/31/26 02:53 pm",,N/A,"Not Blocked", , ,"Multiple items from inspection","Gulf Coast Maintenance",N/A,Medium,No,"No Charge",Active,Occupied,27,"Maintenance App","Sierra Mesa Juan"
41541814,"Casa de Suenos",,"Northern Portfolio","07/31/26 11:33 am","07/31/26 02:04 pm",,N/A,"Not Blocked", , ,"air filter",N/A,N/A,Medium,No,"No Charge",Active,Occupied,27,"Maintenance App","Sierra Mesa Juan"
41541553,"Casa de Suenos",,"Northern Portfolio","07/31/26 11:20 am","07/31/26 02:04 pm",,N/A,"Not Blocked", , ,"couch seat arm rest stained",N/A,N/A,Medium,No,"No Charge",Active,Occupied,27,"Maintenance App","Sierra Mesa Juan"
41484950,"Aloha House",,Seasonal,"07/28/26 01:46 pm","08/06/26 03:26 pm",,N/A,"Not Blocked", , ,"marks on walls throughout",N/A,N/A,Medium,No,"No Charge",Active,Checked-out/Clean,30,"Maintenance App","Sierra Mesa Juan"
41478185,"The White Pearl",,Seasonal,"07/28/26 10:08 am",,,N/A,"Not Blocked", , ,"marks on walls and doors",N/A,N/A,Medium,No,"No Charge",Pending,Checked-out/Clean,30,"Maintenance App","Sierra Mesa Juan"
41463505,"Sandalfoot 2C3",,Sandalfoot,"07/27/26 02:59 pm","07/27/26 02:59 pm",,N/A,"Not Blocked", , ,"Bathroom fan in main bathroom making too much noise",N/A,N/A,Medium,No,"No Charge",Active,Checked-out/Clean,31,"Maintenance App","Garcia Kyle"
41457442,"Coral Paradise",,"Northern Portfolio","07/27/26 10:13 am",,,N/A,"Not Blocked", , ,"bath mat stained",N/A,N/A,Medium,No,"No Charge",Pending,Occupied,31,"Maintenance App","Sierra Mesa Juan"
41456690,"Sunnyside Up",,"Northern Portfolio","07/27/26 09:32 am","07/27/26 09:32 am",07/28/26,N/A,"Not Blocked", , ,"Air Filter","Gulf Coast Maintenance",N/A,Medium,No,"No Charge",Active,Occupied,31,Management,"Lizada John"
41445656,"Ocean Eyes",,LUXURY,"07/26/26 04:24 pm",,,N/A,"Not Blocked", , ,"lamp base",N/A,N/A,Medium,No,"No Charge",Pending,Occupied,32,"Maintenance App","Sierra Mesa Juan"
41445615,"Ocean Eyes",,LUXURY,"07/26/26 04:22 pm",,,N/A,"Not Blocked", , ,"light bulb",N/A,N/A,Medium,No,"No Charge",Pending,Occupied,32,"Maintenance App","Sierra Mesa Juan"
41445572,"Ocean Eyes",,LUXURY,"07/26/26 04:20 pm",,,N/A,"Not Blocked", , ,"foot reast",N/A,N/A,Medium,No,"No Charge",Pending,Occupied,32,"Maintenance App","Sierra Mesa Juan"
41445536,"Ocean Eyes",,LUXURY,"07/26/26 04:18 pm",,,N/A,"Not Blocked", , ,"couch cushion stained",N/A,N/A,Medium,No,"No Charge",Pending,Occupied,32,"Maintenance App","Sierra Mesa Juan"
41440724,"Southern Exposure",,"Northern Portfolio","07/26/26 11:21 am",,,N/A,"Not Blocked", , ,"large couch stains",N/A,N/A,Medium,No,"No Charge",Pending,Occupied,32,"Maintenance App","Sierra Mesa Juan"
41425873,"My Great Escape",,"Northern Portfolio","07/25/26 02:38 pm",,,N/A,"Not Blocked", , ,"carpet family room",N/A,N/A,Medium,No,"No Charge",Pending,Occupied,33,"Maintenance App","Sierra Mesa Juan"
41423237,"Sandalfoot 5D1",,Sandalfoot,"07/25/26 11:41 am","07/25/26 11:41 am",07/25/26,N/A,"Not Blocked", , ,"plug for bathtub disconnected",N/A,N/A,Medium,No,"No Charge",Active,Occupied,33,"Maintenance App","Garcia Kyle"
41407341,"Sandalfoot 3B2",,Sandalfoot,"07/24/26 02:01 pm","07/24/26 02:01 pm",,N/A,"Not Blocked", , ,"bedroom closet door falling off",N/A,N/A,Medium,No,"No Charge",Active,Checked-out/Clean,34,"Maintenance App","Garcia Kyle"
41406556,"Sandalfoot 3A2",,Sandalfoot,"07/24/26 01:22 pm","07/24/26 01:22 pm",07/24/26,N/A,"Not Blocked", , ,"curtain falling off track for slider doors",N/A,N/A,Medium,No,"No Charge",Active,Checked-out/Clean,34,"Maintenance App","Garcia Kyle"
41406485,"7th Heaven",,"Northern Portfolio","07/24/26 01:20 pm","07/24/26 01:20 pm",07/24/26,N/A,"Not Blocked", , ,"trash pickup","T-Wreckz Junk Removal LLC",N/A,Medium,No,"No Charge",Active,Checked-out/Clean,34,Management,"Lizada John"
41406380,"7th Heaven",,"Northern Portfolio","07/24/26 01:12 pm","07/24/26 05:48 pm",,N/A,"Not Blocked", , ,"lanai floor",N/A,N/A,Medium,No,"No Charge",Active,Checked-out/Clean,34,"Maintenance App","Sierra Mesa Juan"
41352598,"Ocean Eyes",,LUXURY,"07/21/26 02:33 pm",,,N/A,"Not Blocked", , ,"carpet back left room",N/A,N/A,Medium,No,"No Charge",Pending,Occupied,37,"Maintenance App","Sierra Mesa Juan"
41352204,"Ocean Eyes",,LUXURY,"07/21/26 02:14 pm",,,N/A,"Not Blocked", , ,"couch cushion stained",N/A,N/A,Medium,No,"No Charge",Pending,Occupied,37,"Maintenance App","Sierra Mesa Juan"
41348624,"Beachbound Bliss",,Seasonal,"07/21/26 11:19 am",,,N/A,"Not Blocked", , ,"guest bedroom ceiling fan light bulb",N/A,N/A,Medium,No,"No Charge",Pending,Checked-out/Clean,37,"Maintenance App","Sierra Mesa Juan"
41348589,"Beachbound Bliss",,Seasonal,"07/21/26 11:17 am",,,N/A,"Not Blocked", , ,"light cap loose",N/A,N/A,Medium,No,"No Charge",Pending,Checked-out/Clean,37,"Maintenance App","Sierra Mesa Juan"
41332439,"Gulf & Bay Bayside - 1368",,GBB,"07/20/26 03:09 pm","07/20/26 03:09 pm",07/21/26,N/A,"Not Blocked", , ,"Toilet upstairs","Richard's Plumbing & Electric",N/A,Medium,No,"No Charge","Pending Final Closing",Checked-out/Clean,38,Management,"Lizada John"
41296375,"Tranquil Waters",,"Northern Portfolio","07/18/26 04:30 pm","07/18/26 04:30 pm",07/20/26,N/A,"Not Blocked", , ,"Lynx Lock","Gulf Coast Maintenance",N/A,Medium,No,"No Charge",Active,Checked-out/Clean,40,Management,"Lizada John"
41296355,"Sandpebble 1D",,"Sanibel Portfolio","07/18/26 04:28 pm","07/18/26 04:28 pm",07/20/26,N/A,"Not Blocked", , ,"lynx lock","Gulf Coast Maintenance",N/A,Medium,No,"No Charge",Active,Checked-out/Clean,40,Management,"Lizada John"
41296299,"Rod And Reel",,"Central Portfolio","07/18/26 04:25 pm","07/18/26 04:25 pm",07/20/26,N/A,"Not Blocked", , ,"lynx lock","Gulf Coast Maintenance",N/A,Medium,No,"No Charge",Active,Occupied,40,Management,"Lizada John"
41296278,Patsgang,,"Northern Portfolio","07/18/26 04:24 pm","07/18/26 04:24 pm",07/20/26,N/A,"Not Blocked", , ,"lynx lock","Gulf Coast Maintenance",N/A,Medium,No,"No Charge",Active,Checked-out/Clean,40,Management,"Lizada John"
41296246,"Par Then Bar",,"Northern Portfolio","07/18/26 04:23 pm","07/18/26 04:23 pm",07/20/26,N/A,"Not Blocked", , ,"lynx lock","Gulf Coast Maintenance",N/A,Medium,No,"No Charge",Active,"Pending Inspection",40,Management,"Lizada John"
41292168,"Signal Inn - Unit 13",,"Signal Inn","07/18/26 12:15 pm",,08/25/26,N/A,"Not Blocked", , ,"microwave not working",N/A,N/A,Medium,No,Owner,Pending,Occupied,40,"Maintenance App","Johnson Michelle"
41174026,"Horizon Oasis",,"Sanibel Portfolio","07/12/26 04:24 pm","07/12/26 04:24 pm",07/13/26,N/A,"Not Blocked", , ,"Horizon Oasis","Gulf Coast Maintenance",N/A,Medium,No,"No Charge",Active,Occupied,46,Management,"Lizada John"
41172765,"Sandalfoot 4A2",,Sandalfoot,"07/12/26 02:42 pm","07/12/26 02:42 pm",,N/A,"Not Blocked", , ,"drain plug in guest bathroom tub disconnect",N/A,N/A,Medium,No,"No Charge",Active,Checked-out/Clean,46,"Maintenance App","Garcia Kyle"
41171773,"Sandalfoot 5A1",,Sandalfoot,"07/12/26 01:40 pm","07/12/26 01:40 pm",,N/A,"Not Blocked", , ,"wifi not showing up",N/A,"Kyle Garcia",Medium,No,"No Charge",Active,Occupied,46,"Maintenance App","Garcia Kyle"
41170931,"Signal Inn - Unit 18",,"Signal Inn","07/12/26 12:30 pm",,,N/A,"Not Blocked", , ,"Broken decorative lamp brok",N/A,N/A,Medium,No,"No Charge",Pending,Occupied,46,"Maintenance App","Johnson Michelle"
41152412,"7th Heaven",,"Northern Portfolio","07/11/26 12:08 pm","07/11/26 12:08 pm",,N/A,"Not Blocked", , ,"Can openers","Gulf Coast Maintenance",N/A,Medium,No,"No Charge",Pending,Checked-out/Clean,47,Management,"Lizada John"
41151700,"Signal Inn - Unit 02",,"Signal Inn","07/11/26 11:13 am",,,N/A,"Not Blocked", , ,"Patio slider not locking",N/A,N/A,Medium,No,"No Charge",Pending,Checked-out/Clean,47,"Maintenance App","Johnson Michelle"
41150702,"Ocean Eyes",,LUXURY,"07/11/26 09:58 am","07/11/26 01:41 pm",,N/A,"Not Blocked", , ,"right couch cushion and master bedroom carpet","Carpet Cleaner's Near Me LLC",N/A,Medium,No,"No Charge",Active,Occupied,47,"Maintenance App","Sierra Mesa Juan"
41011073,"Gulf & Bay Bayside - 1360",,GBB,"07/07/26 01:01 pm",,,N/A,"Not Blocked", , ,"fire extinguisher",N/A,N/A,Medium,No,"No Charge",Pending,Occupied,51,"Maintenance App","Sierra Mesa Juan"
41010803,"Gulf & Bay Bayside - 1360",,GBB,"07/07/26 12:51 pm",,,N/A,"Not Blocked", , ,"remote batteries",N/A,N/A,Medium,No,"No Charge",Pending,Occupied,51,"Maintenance App","Sierra Mesa Juan"
41010669,"Gulf & Bay Bayside - 1360",,GBB,"07/07/26 12:47 pm",,,N/A,"Not Blocked", , ,"guest bedroom wall indent",N/A,N/A,Medium,No,"No Charge",Pending,Occupied,51,"Maintenance App","Sierra Mesa Juan"
41010371,"Gulf & Bay Bayside - 1360",,GBB,"07/07/26 12:33 pm",,,N/A,"Not Blocked", , ,"stove temp markings",N/A,N/A,Medium,No,"No Charge",Pending,Occupied,51,"Maintenance App","Sierra Mesa Juan"
40987820,"Grand Getaway",,"Northern Portfolio","07/06/26 11:50 am","07/06/26 11:50 am",07/09/26,N/A,"Not Blocked", , ,"Ring camera","Gulf Coast Maintenance",N/A,Medium,No,"No Charge",Active,Checked-out/Clean,52,Management,"Lizada John"
40968681,"Ocean Eyes",,LUXURY,"07/05/26 10:24 am","07/05/26 10:24 am",07/06/26,N/A,"Not Blocked", , ,"blind issue","Alex's Sliding Glass Door",N/A,Medium,No,"No Charge",Active,Occupied,53,Management,"Lizada John"
40829109,"Signal Inn - Unit 14",,"Signal Inn","06/28/26 12:39 pm",,,N/A,"Not Blocked", , ,"1st bedroom ipstairs on left",N/A,N/A,Medium,No,"No Charge",Pending,Occupied,60,"Maintenance App","Johnson Michelle"
40829034,"Signal Inn - Unit 14",,"Signal Inn","06/28/26 12:34 pm",,,N/A,"Not Blocked", , ,"mold on caulk- main floor walk in shower",N/A,N/A,Medium,No,"No Charge",Pending,Occupied,60,"Maintenance App","Johnson Michelle"
40827031,"My Great Escape",,"Northern Portfolio","06/28/26 10:26 am","06/28/26 10:27 am",06/29/26,N/A,"Not Blocked", , ,"Need to order new lamp for living room","Gulf Coast Maintenance",N/A,Medium,No,Owner,"Pending Final Closing",Occupied,60,Management,"Lizada John"
40813814,"Signal Inn - Unit 04",,"Signal Inn","06/27/26 01:58 pm",,,N/A,"Not Blocked", , ,"bleach grout for possible mold",N/A,N/A,Medium,No,"No Charge",Pending,Occupied,61,"Maintenance App","Johnson Michelle"
40769955,"Links & Leisure",,Venice,"06/25/26 01:33 pm","06/25/26 01:33 pm",06/26/26,N/A,"Not Blocked", , ,"Multiple items","Gulf Coast Maintenance",N/A,Medium,No,"No Charge",Active,Occupied,63,Management,"Lizada John"
40754428,"Florida Oasis",,"Northern Portfolio","06/24/26 04:49 pm",,,N/A,"Not Blocked", , ,"Master bathroom shower lightbulb",N/A,N/A,Medium,No,"No Charge",Pending,Checked-out/Clean,64,"Maintenance App","Monteforte Gavin"
40729441,"Flip Flop Retreat",,"Northern Portfolio","06/23/26 11:43 am",,,N/A,"Not Blocked", , ,"air filter",N/A,N/A,Medium,No,"No Charge",Pending,Checked-out/Clean,65,"Maintenance App","Sierra Mesa Juan"
40565544,"Signal Inn - Unit 12",,"Signal Inn","06/14/26 02:07 pm",,,N/A,"Not Blocked", , ,"Living Room TV",N/A,N/A,Medium,No,"No Charge",Pending,Occupied,74,"Maintenance App","Johnson Michelle"
40545995,"Tropical Escape",,Venice,"06/13/26 09:43 am","06/13/26 09:43 am",06/15/26,N/A,"Not Blocked", , ,Pillowcases,"Gulf Coast Maintenance",N/A,Medium,No,"No Charge","Pending Final Closing",Occupied,75,Management,"Lizada John"
40532479,"Gulf & Bay Bayside - 1358",,GBB,"06/12/26 01:46 pm","07/12/26 03:23 pm",,N/A,"Not Blocked", , ,"couch cushion","Carpet Cleaner's Near Me LLC",N/A,Medium,No,"No Charge",Active,Checked-out/Clean,76,"Maintenance App","Sierra Mesa Juan"
40530818,"Beach House Residences Unit 1",,LUXURY,"06/12/26 12:07 pm","06/16/26 10:40 am",,"06/13/26 10:53am","Not Blocked", , ,"fire extinguisher","Gulf Coast Maintenance",N/A,Medium,No,"No Charge","Pending Final Closing",Occupied,76,"Maintenance App","Sierra Mesa Juan"
40511896,"Signal Inn - Unit 13",,"Signal Inn","06/11/26 01:23 pm","06/11/26 01:23 pm",,N/A,"Not Blocked", , ,"Microwave not working ""error code - DOOR""",Home-Tech,N/A,Medium,No,"No Charge",Active,Occupied,77,Management,"Ventura Nikolas"
40414122,"zSunset Splash",,"Northern Portfolio","06/06/26 09:22 am","06/06/26 09:22 am",06/08/26,N/A,"Not Blocked", , ,"shower curtain","Gulf Coast Maintenance",N/A,Medium,No,"No Charge",Active,Occupied,82,Management,"Lizada John"
40259299,"Signal Inn - Unit 15",,"Signal Inn","05/30/26 12:01 pm",,,N/A,"Not Blocked", , ,"Curtain rod pulled out if wall",N/A,N/A,Medium,No,"No Charge",Pending,Checked-out/Clean,89,"Maintenance App","Johnson Michelle"
40259231,"Signal Inn - Unit 15",,"Signal Inn","05/30/26 11:56 am",,,N/A,"Not Blocked", , ,"Door handle",N/A,N/A,Medium,No,"No Charge",Pending,Checked-out/Clean,89,"Maintenance App","Johnson Michelle"
40182779,"Breeze By The Sea",,Seasonal,"05/26/26 01:55 pm","05/26/26 01:55 pm",05/27/26,N/A,"Not Blocked", , ,"Door lock change","Gulf Coast Maintenance",N/A,Medium,No,"No Charge",Active,Occupied,93,Management,"Lizada John"
40178384,"Signal Inn - Unit 05",,"Signal Inn","05/26/26 09:35 am","05/26/26 09:35 am",,N/A,"Not Blocked", , ,"bathroom ceiling unit 9","Gulf Coast Maintenance",N/A,Medium,No,Owner,Active,Occupied,93,Management,"Banks Jen"
40139457,"Signal Inn - Unit 16",,"Signal Inn","05/24/26 09:08 am","05/24/26 09:08 am",05/25/26,N/A,"Not Blocked", , ,"wet floor spot","Gulf Coast Maintenance",N/A,Medium,No,"No Charge",Active,Occupied,95,Management,"Lizada John"
40124830,"Sandalfoot 4C3",,Sandalfoot,"05/23/26 09:09 am","05/23/26 09:09 am",05/23/26,N/A,"Not Blocked", , ,ac,N/A,N/A,Medium,No,"No Charge",Active,Checked-out/Clean,96,Management,"Yelenich Peyton"
39998035,"Signal Inn - Unit 19",,"Signal Inn","05/16/26 01:38 pm",,,N/A,"Not Blocked", , ,"lamp in living room needs replaced",N/A,N/A,Medium,No,"No Charge",Pending,Occupied,103,"Maintenance App","Johnson Michelle"
39904370,"Links & Leisure",,Venice,"05/12/26 04:12 pm","05/12/26 04:12 pm",05/13/26,N/A,"Not Blocked", , ,"recaulk the sink","Gulf Coast Maintenance",N/A,Medium,No,"No Charge",Active,Occupied,107,Management,"Lizada John"
39715175,"Signal Inn - Unit 15",,"Signal Inn","05/02/26 11:56 am","05/07/26 10:16 pm",,N/A,"Not Blocked", , ,"No internet - No tv",N/A,N/A,Medium,No,"No Charge",Active,Checked-out/Clean,117,"Maintenance App","Johnson Michelle"
39362650,"Signal Inn - Unit 13",,"Signal Inn","04/14/26 12:40 pm","04/14/26 12:40 pm",04/16/26,N/A,"Not Blocked", , ,"electrical check","Gulf Coast Maintenance",N/A,Medium,No,"No Charge",Active,Occupied,135,Management,"Yelenich Peyton"
39260773,"18th Fairway",,"Sanibel Portfolio","04/09/26 03:28 pm","04/09/26 03:28 pm",04/14/26,N/A,"Not Blocked", , ,"following plumber to remediate and repair","Gulf Coast Maintenance",N/A,Medium,No,"No Charge",Active,Checked-out/Clean,140,Management,"Yelenich Peyton"
39119016,"Signal Inn - Unit 06",,"Signal Inn","04/02/26 08:29 am","04/02/26 08:29 am",04/02/26,N/A,"Not Blocked", , ,AC,"Sanibel Air and Electric, Inc.",N/A,Medium,No,"No Charge",Active,Occupied,147,Management,"Yelenich Peyton"
"39079059-sandalfoot beach hose","Sandalfoot Office",,Sandalfoot,"03/31/26 03:49 pm","03/31/26 03:49 pm",03/31/26,N/A,"Not Blocked", , ,"sandalfoot beach hose","Sandalfoot Maintenance",N/A,Medium,No,"No Charge",Active,"Pending Inspection",149,Management,"Sperrazza Julianna"
"39056494-new beach umbrella","Sandalfoot 2C2",,Sandalfoot,"03/30/26 03:23 pm","03/30/26 03:23 pm",03/30/26,N/A,"Not Blocked", , ,"new beach umbrella","Sandalfoot Maintenance",N/A,Medium,No,Owner,Active,Checked-out/Clean,150,Management,"Sperrazza Julianna"
"39037149-shower handle","Sandalfoot 4C2",,Sandalfoot,"03/29/26 03:57 pm","03/29/26 03:57 pm",04/02/26,N/A,"Not Blocked", , ,"shower handle","Sandalfoot Maintenance",N/A,Medium,No,"No Charge",Active,Checked-out/Clean,151,Management,"Sperrazza Julianna"
38975102,"Sanibel Inn 513",,"Sanibel Portfolio","03/26/26 09:37 am","03/26/26 09:37 am",03/26/26,N/A,"Not Blocked", , ,AC,"Sanibel Air and Electric, Inc.",N/A,Medium,No,"No Charge",Active,Dirty,154,Management,"Yelenich Peyton"
38906104,"Gulf & Bay Bayside - 1328",,GBB,"03/23/26 09:19 am","03/23/26 09:19 am",03/24/26,N/A,"Not Blocked", , ,"TV and light bulb","Gulf Coast Maintenance",N/A,Medium,No,"No Charge",Active,Checked-out/Clean,157,Management,"Lizada John"
38796020,"Signal Inn - Unit 06",,"Signal Inn","03/17/26 09:43 am","03/17/26 09:43 am",03/18/26,N/A,"Not Blocked", , ,"rack replacement","Gulf Coast Maintenance",N/A,Medium,No,"No Charge",Active,Occupied,163,Management,"Yelenich Peyton"
38532667,"Signal Inn - Unit 08",,"Signal Inn","03/03/26 03:14 pm","03/03/26 03:14 pm",03/03/26,N/A,"Not Blocked", , ,mirror,"Gulf Coast Maintenance",N/A,Medium,No,"No Charge",Active,Occupied,177,Management,"Yelenich Peyton"
38525628,"Breakers West B7",,"Sanibel Portfolio","03/03/26 08:15 am","03/03/26 08:15 am",03/03/26,N/A,"Not Blocked", , ,"replace beach umbrella","Gulf Coast Maintenance",N/A,Medium,No,"No Charge",Active,Checked-out/Clean,177,Management,"Yelenich Peyton"
38426006,"Sanibel Inn 513",,"Sanibel Portfolio","02/26/26 09:36 am","02/26/26 09:36 am",02/26/26,N/A,"Not Blocked", , ,"Handle off shower door","Gulf Coast Maintenance",N/A,Medium,No,"No Charge",Active,Dirty,182,Management,"Yelenich Peyton"
38425918,"Signal Inn - Unit 13",,"Signal Inn","02/26/26 09:28 am","02/26/26 09:28 am",02/27/26,N/A,"Not Blocked", , ,"Outlet uncovered and shower not turning on","Gulf Coast Maintenance",N/A,Medium,No,"No Charge",Active,Occupied,182,Management,"Yelenich Peyton"
38309073,"Signal Inn - Unit 13",,"Signal Inn","02/20/26 11:03 am","02/20/26 11:03 am",,N/A,"Not Blocked", , ,"Signal Inn unit 13 order new top load washer","Gulf Coast Maintenance",N/A,Medium,No,"No Charge",Active,Occupied,188,Management,"Yelenich Peyton"
38186656,"Signal Inn - Unit 17",,"Signal Inn","02/13/26 11:07 am","02/13/26 11:07 am",02/14/26,N/A,"Not Blocked", , ,"lamp is broken","Gulf Coast Maintenance",N/A,Medium,No,"No Charge",Active,Occupied,195,Management,"Lizada John"
38153733,"Management CO",,"1 bedroom","02/11/26 01:42 pm","02/11/26 01:42 pm",,N/A,"Not Blocked", , ,"Post Storm",N/A,"Andrew Johns",Inspections,No,"No Charge",Active,"Pending Inspection",197,Management,"Johns Andrew"
41916088,"Signal Inn - Unit 09",,"Signal Inn","08/20/26 09:46 am","08/26/26 03:17 pm",,N/A,"Not Blocked", , ,"Unit 9",N/A,"Nikolas Ventura","Accidental Damage",No,"No Charge",Active,Occupied,7,Management,"Ventura Nikolas"
41035911,"Signal Inn - Unit 18",,"Signal Inn","07/08/26 03:57 pm",,,N/A,"Not Blocked", , ,"Small Table Glass",N/A,N/A,"Accidental Damage",No,"No Charge",Pending,Occupied,50,Management,"Ventura Nikolas"
41936074,"Tidewater Manor",,LUXURY,"08/21/26 12:41 pm","08/21/26 12:41 pm",08/21/26,N/A,"Not Blocked", , ,"reservation details","Gulf Coast Vacation Rentals",N/A,Low,No,"No Charge",Active,Occupied,6,Management,"Gueco Jean"
41741365,"Bayside Paradise",,"Northern Portfolio","08/10/26 03:56 pm","08/10/26 03:56 pm",08/10/26,N/A,"Not Blocked", , ,"Pre arrival","Gulf Coast Vacation Rentals",N/A,Low,No,"No Charge",Active,Occupied,17,Management,"Gueco Jean"
40972346,"La Vida Loca",,"Central Portfolio","07/05/26 02:26 pm","07/05/26 02:26 pm",,N/A,"Not Blocked", , ,"KIll weeds on pool pavers",N/A,N/A,Low,No,Owner,Active,Checked-out/Clean,53,Management,"Healy Tom"
40972290,"La Vida Loca",,"Central Portfolio","07/05/26 02:22 pm","07/05/26 02:23 pm",,N/A,"Not Blocked", , ,"Multiple items to replace",N/A,N/A,Low,No,Owner,Active,Checked-out/Clean,53,Management,"Healy Tom"
40811694,"Sandpebble 4E",,"Sanibel Portfolio","06/27/26 11:55 am","06/27/26 11:55 am",06/27/26,N/A,"Not Blocked", , ,ECI,"Gulf Coast Vacation Rentals",N/A,Low,No,"No Charge",Active,Checked-out/Clean,61,Management,"Gueco Jean"
40811625,"Signal Inn - Unit 11",,"Signal Inn","06/27/26 11:50 am",,,N/A,"Not Blocked", , ,"outlet behind bed notcworking - moved lamp and nightcstand to other side.",N/A,N/A,Low,No,"No Charge",Pending,Occupied,61,"Maintenance App","Johnson Michelle"
40548375,"Sandalfoot 4B3",,Sandalfoot,"06/13/26 12:26 pm","06/13/26 12:26 pm",06/13/26,N/A,"Not Blocked", , ,"Beach Toy Inquiry","Gulf Coast Vacation Rentals",N/A,Low,No,"No Charge",Active,Occupied,75,Management,"Gueco Jean"
40546995,"Signal Inn - Unit 06",,"Signal Inn","06/13/26 10:52 am",,06/13/26,N/A,"Not Blocked", , ,"Grill Inquiry","Gulf Coast Vacation Rentals",N/A,Low,No,"No Charge",Pending,Occupied,75,Management,"Gueco Jean"
40300893,"Sandalfoot 1B2",,Sandalfoot,"06/01/26 01:25 pm","06/01/26 01:25 pm",06/01/26,N/A,"Not Blocked", , ,"Code access","Gulf Coast Vacation Rentals",N/A,Low,No,"No Charge",Active,Checked-out/Clean,87,Management,"Gueco Jean"
39882202,"Sandalfoot 5D3",,Sandalfoot,"05/11/26 02:12 pm","05/11/26 02:12 pm",05/11/26,N/A,"Not Blocked", , ,"Sandalfoot 5D3 - 2 broken umbrellas","Sandalfoot Maintenance",N/A,Low,No,"No Charge",Active,Occupied,108,Management,"Front Desk Colony"
39865284,"Signal Inn - Unit 18",,"Signal Inn","05/10/26 02:54 pm",,,N/A,"Not Blocked", , ,"no remote front bedroom",N/A,N/A,Low,No,"No Charge",Pending,Occupied,109,"Maintenance App","Johnson Michelle"
39716213,"Signal Inn - Unit 18",,"Signal Inn","05/02/26 01:16 pm","05/07/26 10:15 pm",,N/A,"Not Blocked", , ,"missing remote in front becroom",N/A,N/A,Low,No,"No Charge",Active,Occupied,117,"Maintenance App","Johnson Michelle"
39713923,"Signal Inn - Unit 01",,"Signal Inn","05/02/26 10:06 am","05/07/26 10:16 pm",,N/A,"Not Blocked", , ,"TV remotes in Bedrooms - 2",N/A,N/A,Low,No,"No Charge",Active,Checked-out/Clean,117,"Maintenance App","Johnson Michelle"
39485062,"Sandalfoot 3D1",,Sandalfoot,"04/20/26 06:15 pm","04/20/26 06:15 pm",04/20/26,N/A,"Not Blocked", , ,Payment,N/A,N/A,Low,No,"No Charge",Active,Occupied,129,Management,"Lim Ceazar"
"39408213-1a3 reset lock to online","Sandalfoot 1A3",,Sandalfoot,"04/16/26 03:09 pm","04/16/26 03:09 pm",04/16/26,N/A,"Not Blocked", , ,"1a3 reset lock to online",N/A,N/A,Low,No,"No Charge",Active,Occupied,133,Management,"Sperrazza Julianna"
38532950,"Signal Inn - Unit 08",,"Signal Inn","03/03/26 03:26 pm","03/03/26 03:26 pm",03/05/26,N/A,"Not Blocked", , ,"front door paint","Gulf Coast Maintenance",N/A,Low,No,"No Charge",Active,Occupied,177,Management,"Yelenich Peyton"
38532890,"Signal Inn - Unit 08",,"Signal Inn","03/03/26 03:23 pm","03/03/26 03:23 pm",03/10/26,N/A,"Not Blocked", , ,railings,"Gulf Coast Maintenance",N/A,Low,No,"No Charge",Active,Occupied,177,Management,"Yelenich Peyton"
38532719,"Signal Inn - Unit 08",,"Signal Inn","03/03/26 03:16 pm","03/03/26 03:16 pm",03/05/26,N/A,"Not Blocked", , ,screens,"Gulf Coast Maintenance",N/A,Low,No,"No Charge",Active,Occupied,177,Management,"Yelenich Peyton"
38532613,"Signal Inn - Unit 08",,"Signal Inn","03/03/26 03:11 pm","03/03/26 03:11 pm",03/04/26,N/A,"Not Blocked", , ,"Laminated flooring is peeling.","Gulf Coast Maintenance",N/A,Low,No,"No Charge",Active,Occupied,177,Management,"Yelenich Peyton"
38532583,"Signal Inn - Unit 08",,"Signal Inn","03/03/26 03:09 pm","03/03/26 03:09 pm",03/04/26,N/A,"Not Blocked", , ,"bathroom maintenance","Gulf Coast Maintenance",N/A,Low,No,"No Charge",Active,Occupied,177,Management,"Yelenich Peyton"
38644163,"Management CO",,"1 bedroom","03/09/26 03:16 pm","03/09/26 03:16 pm",03/11/26,N/A,"Not Blocked", , ,"Leaky Faucet",N/A,N/A,"Expected Completion Date",No,"No Charge",Active,"Pending Inspection",171,Management,"Soria Frausto Sandra"
